stage,ep,reward,success,steps,total_steps,critic_loss,actor_loss
4,401,67.23965448141098,1,67,703168,1.4229367677845173,26.936643344252857
4,402,-392.4383982717991,3,455,703623,0.7627778512435955,25.6433663043347
4,403,57.04520127363503,2,350,703973,0.7791292006628854,25.351414969308035
4,404,-243.88188672065735,2,294,704267,0.8126126840001061,25.384523534450402
4,405,-76.11193988850573,2,340,704607,0.767163449613487,25.47518487257116
4,406,-53.67265230976045,2,220,704827,0.7764451389962976,25.511000841314143
4,407,-299.27209928818047,2,861,705688,0.7773645966033625,25.4008769346585
4,408,-19.057152795576258,2,572,706260,0.8373473619039242,25.53482900632845
4,409,-396.0992274596938,2,1822,708082,0.804713612624764,25.378759722285682
4,410,83.0554378493689,1,297,708379,0.8498474480929198,25.506169585667877
4,411,53.668967559031444,3,1324,709703,0.8174026211402927,25.32775570042544
4,412,-33.816036182426615,2,406,710109,0.7754665553716603,25.535267172188593
4,413,-17.824519345536828,1,252,710361,0.7551855401150764,25.67275345514691
4,414,10.513311924180016,1,486,710847,0.8098858245974215,25.495421770668816
4,415,39.343129051849246,1,473,711320,0.8191563354738167,25.51907443395377
4,416,-77.68352680662065,3,337,711657,0.8971107351850686,25.541784207261987
4,417,-8.47225954377791,1,274,711931,0.7786172328204134,25.443657046686994
4,418,-82.56648467556806,2,499,712430,0.7729410937052212,25.39977937518714
4,419,95.77929711512115,1,419,712849,0.7865341451543613,25.33786689011749
4,420,-40.22959166765213,2,45,712894,0.7837414907084571,25.178801388210722
4,421,23.454637050628662,1,30,712924,0.8551150451103846,25.164160792032877
4,422,70.14432532165665,1,267,713191,0.7846736023935039,25.36108949925569
4,423,47.36507421731949,1,432,713623,0.8364712659407545,25.33853976373319
4,424,-70.03613548725843,2,217,713840,0.773074105038621,25.253782421762494
4,425,22.310031682252884,1,30,713870,0.8429631104071935,24.65382328033447
4,426,-79.3897745013237,2,201,714071,0.8144367673800359,25.389115471151932
4,427,88.42500626575202,1,306,714377,0.7890233003041324,25.238989019705578
4,428,68.44601863669232,1,455,714832,0.8094946759742695,25.277444546039288
4,429,127.23400517473056,1,772,715604,0.8428358168104769,25.373760020794645
4,430,-69.51198813319206,2,126,715730,0.7628150024111309,25.453508876618884
4,431,48.605750516057014,1,118,715848,0.7442784827139418,25.194895873635502
4,432,-286.5412586541497,1,681,716529,0.7884569118639096,25.40094988426623
4,433,-70.57150506973267,2,30,716559,0.7227479656537373,24.83005714416504
4,434,80.5194807574153,1,273,716832,0.8256544861601386,25.622963294004784
4,435,48.40282266656868,1,207,717039,0.7782149034133856,25.41833716314196
4,436,-39.08332461118698,2,42,717081,0.8415190527836481,25.412303879147483
4,437,53.60512763261795,1,104,717185,0.8134953557298734,25.05909828039316
4,438,22.103623481467366,1,468,717653,0.7475806449850401,25.30745849446354
4,439,156.212900551036,1,773,718426,0.7797579140743339,25.268567197535663
4,440,-49.102495797909796,2,112,718538,0.7998613728476422,25.260722177369253
4,441,12.768450459465384,1,220,718758,0.8523116734894839,25.1603798085993
4,442,24.37242943889032,1,347,719105,0.8058060607752127,25.172561909348545
4,443,76.6059938739636,1,568,719673,0.7887133031453885,25.13704417792844
4,444,-83.56399403116666,2,192,719865,0.8145536310039461,25.287480900684994
4,445,130.70065280198833,1,391,720256,0.7571617149178634,25.19977977879517
4,446,-53.27602859819308,2,417,720673,0.7826546887985523,25.118901639247685
4,447,-175.91207620501518,2,249,720922,0.9216277617287923,25.20509949649673
4,448,184.2007950230327,1,634,721556,0.7698194671786546,25.060486032383675
4,449,368.1769424453196,1,1238,722794,0.7866590900018643,25.0463380443838
4,450,-101.98241944797337,2,170,722964,0.8134029242922278,24.86494270773495
4,451,83.65290063701104,1,272,723236,0.8474991180221824,24.926949865677777
4,452,113.2273690138245,1,628,723864,0.8062922489965797,24.860689770643877
4,453,-34.71701161994133,2,354,724218,0.8007477366991635,24.98133385114077
4,454,32.353591861145105,1,424,724642,0.8200737983691242,24.967023678545683
4,455,-105.13586449623108,2,74,724716,0.7279323025329693,24.53264450382542
4,456,20.779463231563568,1,30,724746,0.7210023283958436,24.441060129801432
4,457,40.337203173548914,1,229,724975,0.8257226031680295,24.81358295757177
4,458,40.85820678516757,1,289,725264,0.7724614284649027,24.88089758797088
4,459,-67.2712592933949,2,422,725686,0.7566528991217861,24.764989287932337
4,460,29.73210547864437,1,70,725756,0.7461123636790684,24.741674777439663
4,461,101.54515522235306,1,482,726238,0.8014633841039729,25.04796652576241
4,462,8.663925614149775,1,449,726687,0.7843601399646836,24.820378777178995
4,463,-104.83840945363045,2,153,726840,0.8080459558496288,24.632702746422463
4,464,80.32082843902754,1,551,727391,0.8034179198763548,24.88663916406095
4,465,63.629875982464,1,418,727809,0.8145260010182002,24.842318982028505
4,466,0.6965342932962812,1,397,728206,0.8188459911484562,24.690959550871955
4,467,-56.08212898802594,2,197,728403,0.775341054509739,24.82738494873047
4,468,85.08192137652077,1,274,728677,0.7846695215162569,24.577713569585423
4,469,46.30400150036439,1,300,728977,0.8444504830241203,24.715952962239584
4,470,187.72804287198232,1,735,729712,0.7976002654250787,24.68200377639459
4,471,-120.72134132683277,2,350,730062,0.7565530452557973,24.639499882289343
4,472,10.695890906383283,1,342,730404,0.8574983880185244,24.63944517659862
4,473,5.22472460186691,1,854,731258,0.8017449754113615,24.61363526082988
4,474,-26.446537650816026,2,166,731424,0.8554528457931725,24.56947319766125
4,475,108.53336452576332,1,781,732205,0.7818753861663589,24.58332553624191
4,476,103.94794098695274,1,735,732940,0.7804818933107415,24.68169218828889
4,477,-51.38630300760269,2,89,733029,0.8162428964389844,24.3078277887923
4,478,105.21719750761986,1,298,733327,0.8152744054994328,24.584303126239135
4,479,-56.811483934521675,2,112,733439,0.7859681089009557,24.228835684912546
4,480,167.1272937208414,1,371,733810,0.7849260403139572,24.604071912739798
4,481,76.61308037873823,1,445,734255,0.7867521770884481,24.38984870482027
4,482,3.66405276002115,2,209,734464,0.8461375488904104,24.60141202935762
4,483,25.954628268256783,1,272,734736,0.8191590751795208,24.626237686942606
4,484,130.2449001003988,1,580,735316,0.8097999174533219,24.33478802648084
4,485,76.81538760103285,1,333,735649,0.7806686959467135,24.47470355678249
4,486,-76.85026429744903,2,216,735865,0.7670656917271791,24.125777006149292
4,487,96.93064317968674,1,361,736226,0.7910298349289353,24.33845683808472
4,488,99.30302108032629,1,432,736658,0.7923015105641551,24.410227055902833
4,489,-50.13771749846637,3,348,737006,0.8332013602571926,24.33945369720459
4,490,101.94602610915899,1,237,737243,0.8280171635030191,24.40002670770959
4,491,134.9401460350491,1,606,737849,0.7932392938597368,24.159122177476537
4,492,-60.79233476519585,2,45,737894,0.7220087587833405,23.639363479614257
4,493,98.76068423781544,1,375,738269,0.7156277780532837,24.230899088541666
4,494,78.63822096226795,1,855,739124,0.8153548613974922,24.24039844713713
4,495,18.240767157403752,1,387,739511,0.752646658925739,24.009954191301528
4,496,-136.9865509569645,2,291,739802,0.8604117606308862,24.080825235425813
4,497,96.52996377553791,1,267,740069,0.7761067503623749,24.075758787576625
4,498,-138.04396645724773,2,250,740319,0.8139749164581299,24.30786026763916
4,499,111.62875846028328,1,220,740539,0.871131015365774,23.918887069008566
4,500,-337.11170196533203,2,702,741241,0.7831920105592478,24.01717066425204
4,501,-51.87739915132988,1,254,741495,0.7489413123900496,24.026544300589975
4,502,54.715475357486866,1,248,741743,0.7524036702609831,24.095834139854677
4,503,25.23964519787114,1,898,742641,0.7783151271282166,24.139581253374605
4,504,-189.95080126821995,2,287,742928,0.8419277041838975,23.88845481606726
4,505,9.895543960854411,1,30,742958,0.8487390567859013,24.275197792053223
4,506,-64.68651396036148,2,168,743126,0.7788171156176499,23.94412531171526
4,507,136.194255143404,1,467,743593,0.7661639223517391,23.987489018246244
4,508,89.11291018663906,1,415,744008,0.8347103917455099,23.990905692778437
4,509,-59.57310828566551,2,67,744075,0.6811903781855284,24.09993575935933
4,510,-61.21323095145635,1,273,744348,0.7758493377612188,23.96428718147697
4,511,-169.83065905264812,2,598,744946,0.7892611863521429,24.090489575695432
4,512,64.31602089654189,1,258,745204,0.8464052755703297,24.014475053595017
4,513,-66.42014744877815,2,52,745256,0.8622755574492308,23.92822658098661
4,514,73.25780468247831,1,234,745490,0.7215885950459374,23.97917449983776
4,515,36.60017605382018,1,362,745852,0.7780258809499319,23.92964366786388
4,516,188.18489614850841,1,704,746556,0.8146507823416456,23.83008961514993
4,517,-47.837200209498405,2,99,746655,0.8665080338415473,23.764387150003454
4,518,64.86962889239658,1,191,746846,0.7643989890969861,24.040167424067153
4,519,-96.03348152991384,2,268,747114,0.7631214386714038,23.801796457660732
4,520,70.88353940844536,1,122,747236,0.7380136947651379,23.658822200337394
4,521,40.05255892628338,1,535,747771,0.8003516177707743,23.851544314232942
4,522,-37.395073145627975,2,34,747805,0.8081623675192103,24.081010594087488
4,523,-27.09257310954854,1,181,747986,0.7938392544319617,23.983468640575094
4,524,127.96917191278771,1,458,748444,0.8074109500282196,23.842219356886684
4,525,130.74760621227324,1,564,749008,0.7696309084376545,23.769042407367245
4,526,168.5252650268376,1,732,749740,0.7865336405856361,23.852560830246556
4,527,361.61457059998065,1,987,750727,0.7914219188533173,23.656701954664793
4,528,73.24791947798803,1,247,750974,0.7311785066658668,23.543612870127564
4,529,-91.84679275751114,2,136,751110,0.7741486493717221,23.532859493704404
4,530,53.80661168694496,1,102,751212,0.915033755349178,23.898967780318916
4,531,66.00330474320799,1,389,751601,0.824697194951359,23.720133999625943
4,532,-66.99847326241434,2,196,751797,0.787597300142658,23.47318525703586
4,533,94.05493944557384,1,282,752079,0.6985016668096502,23.41867433372119
4,534,47.76110199961113,1,594,752673,0.7882769932650556,23.53786317266599
4,535,-60.19788544669427,2,397,753070,0.819385235720978,23.58119296306927
4,536,-112.99231050908566,2,287,753357,0.865582453560746,23.424259351936367
4,537,-28.314101711439434,2,144,753501,0.8253817684534523,23.538766225179035
4,538,76.14683189132484,1,305,753806,0.7285476983570661,23.725037083860304
4,539,-55.273332595825195,2,86,753892,0.7556798218987709,23.903288286785745
4,540,-17.477729282865766,2,244,754136,0.7453010151865053,23.51926784828061
4,541,-39.77435470407363,1,441,754577,0.8145973028914999,23.666688209758593
4,542,-15.729316283250228,2,214,754791,0.8203699949467294,23.334029536380946
4,543,8.914529871894047,1,128,754919,0.764235976850614,23.76343573629856
4,544,17.108932200586423,1,653,755572,0.7848636586943593,23.522231839517357
4,545,-45.162579238414764,2,33,755605,0.7519822346441674,22.98424767002915
4,546,186.24765035510063,1,368,755973,0.7994082891584738,23.415142463601153
4,547,-76.66174742946168,2,391,756364,0.7925627339069191,23.537579621805254
4,548,46.83403432369232,1,92,756456,0.6609691115825073,23.303354284037713
4,549,61.59078202024102,1,291,756747,0.836627787638366,23.465088709932832
4,550,-255.25034755468369,2,200,756947,0.8074531672894955,23.681627225875854
4,551,128.53308087587357,1,264,757211,0.7972808220621311,23.48460917039351
4,552,-59.237712904810905,2,126,757337,0.8144340964536818,23.431006234789653
4,553,97.59625614300603,1,315,757652,0.7888168376589578,23.511262578812858
4,554,60.175268453749595,1,456,758108,0.7897464147393118,23.388856917096856
4,555,48.11010311264545,1,491,758599,0.8282049243051991,23.568818851789487
4,556,-67.55065546929836,2,99,758698,0.7830454126150921,23.132479349772137
4,557,84.75007472652942,1,260,758958,0.7674058205806292,23.41573937489436
4,558,34.668704187031835,1,389,759347,0.7566787202897599,23.359785771308644
4,559,-40.817142835003324,2,505,759852,0.8767398720330531,23.241280957967927
4,560,53.9859301536344,1,223,760075,0.7858075331144804,23.427357523965195
4,561,-70.57534675300121,2,138,760213,0.7658154787360758,23.37392986684606
4,562,133.74717768689152,1,393,760606,0.7783254860466673,23.375007415849137
4,563,190.9712487515062,1,775,761381,0.8027410606030495,23.245276504024382
4,564,-68.2077553011477,3,105,761486,0.7618271745386578,23.294915844145276
4,565,146.1544735915959,1,374,761860,0.8322461354222527,23.042948513744985
4,566,-74.8997054696083,2,144,762004,0.800817221403122,23.285539362165665
4,567,147.09094002842903,1,375,762379,0.783948438167572,23.048932774861655
4,568,60.856077745207585,2,477,762856,0.8211388091871074,23.38944477505154
4,569,71.68560829758644,1,124,762980,0.8212872455196996,23.027909924907068
4,570,-44.085917219519615,2,80,763060,0.787909272685647,23.150132989883424
4,571,-68.36885933578014,2,144,763204,0.7942099266995987,22.838329566849602
4,572,-362.6436056047678,2,789,763993,0.7872411956956329,23.116397379015787
4,573,136.52707014232874,1,329,764322,0.7564896651314384,23.00475228956043
4,574,83.2837307228474,1,302,764624,0.7569396352728471,23.168778710017932
4,575,-43.42008937895298,2,37,764661,0.7326515800244099,22.767155312203073
4,576,100.11718873400241,1,324,764985,0.7960655614733696,23.077130971131503
4,577,-69.07977014780045,2,67,765052,0.722019788489413,22.826663999415157
4,578,53.363940492039546,1,225,765277,0.7829519795046912,22.956772181193035
4,579,-104.36102944612503,2,180,765457,0.793454648885462,23.18644846810235
4,580,-18.64082828897517,1,208,765665,0.874764622690586,22.938996012394245
4,581,-283.70948063209653,2,577,766242,0.8180882320247035,23.006921907024946
4,582,-11.579635625355877,1,264,766506,0.7899063879793341,22.933685938517254
4,583,77.7591100120917,1,268,766774,0.7524157733614765,23.158659927880585
4,584,-46.02270150184631,2,90,766864,0.7759092728296916,22.759588538275825
4,585,5.236758266633842,1,294,767158,0.7787304433430133,22.805413778136376
4,586,76.042296408923,1,351,767509,0.8441220325791937,23.207631991459774
4,587,-77.75337672233582,2,30,767539,0.8408574263254801,23.220626386006675
4,588,97.03328027343377,1,564,768103,0.7795380659348575,23.07680902751625
4,589,136.41473513492383,1,689,768792,0.8203226511727569,22.99077204522962
4,590,-87.71495520765893,2,221,769013,0.7725153569452363,22.753218473891867
4,591,26.49547244934365,1,287,769300,0.82801609182607,22.944405658735217
4,592,-75.94066712260246,2,113,769413,0.8691336931908025,22.573387635492647
4,593,128.11944513116032,1,328,769741,0.7561051843733322,22.915214090812498
4,594,161.05408960720524,1,624,770365,0.8125609444597592,22.60274468935453
4,595,9.307444577803835,3,355,770720,0.8186810529567826,22.685020398422026
4,596,44.17299118125811,1,363,771083,0.7649736496371015,22.666203351717023
4,597,84.98291430331301,1,407,771490,0.8304533967954227,22.709405838125168
4,598,-46.20659440755844,2,30,771520,0.6858047634363175,22.600494130452475
4,599,64.92427694855724,1,251,771771,0.8387792057012656,22.693592212114677
4,600,100.96327745934832,1,555,772326,0.7883047029241785,22.729366988104744
4,601,66.85285207489505,1,308,772634,0.7886679242183636,22.565058832044727
4,602,-101.09350570861716,2,464,773098,0.7840495436484444,22.616836751329487
4,603,13.806901270872913,1,172,773270,0.7996795421769453,22.545912099439043
4,604,-119.26269146800041,2,288,773558,0.8332742106997304,22.715678268008762
4,605,206.4047462940216,1,425,773983,0.7662859291890088,22.63442835639505
4,606,10.212014579505194,2,462,774445,0.8117300402292441,22.612072123077525
4,607,27.43679408764001,1,256,774701,0.7596397161250934,22.39381904155016
4,608,-57.760878667235374,2,36,774737,0.7798568771945106,22.3286878267924
4,609,104.61250334442593,1,401,775138,0.8332782718457485,22.794027504480987
4,610,179.95768503146246,1,670,775808,0.8055713483646735,22.564629867895327
4,611,-61.64468014240265,2,37,775845,0.8574670682082305,22.280828733701963
4,612,54.85523701552302,1,182,776027,0.7641329457471658,22.87733464712625
4,613,38.68746629373436,1,665,776692,0.7979507606280477,22.51720676995758
4,614,-10.457433860749006,1,387,777079,0.8107045518489463,22.389192783247285
4,615,-101.73638275265694,2,155,777234,0.8182006224509208,22.89481850900958
4,616,86.69301241377252,1,258,777492,0.7759746167548868,22.441820965256802
4,617,73.52104316523764,1,453,777945,0.781191884813456,22.35476994040786
4,618,-264.0317690074444,2,491,778436,0.7824732009966359,22.303872584325475
4,619,-92.5966222975403,2,248,778684,0.7651423607622424,22.517463138026574
4,620,75.88740825653076,1,185,778869,0.8171864917149415,22.41284021944613
4,621,136.52670159155969,1,566,779435,0.8057952093572582,22.560876896861586
4,622,91.22191680991091,1,475,779910,0.8341834606622395,22.364680225974634
4,623,-50.84651255607605,2,77,779987,0.8342993572934881,22.35419397230272
4,624,-25.44409271434415,2,141,780128,0.8365647420815542,22.362166127414568
4,625,62.68129139440134,1,260,780388,0.7666748598217964,22.200243737147403
4,626,-48.596508115530014,2,43,780431,0.8317992174348166,22.05063981788103
4,627,72.21773527562618,2,258,780689,0.8399171505787576,22.407686728839728
4,628,-317.60390897095203,2,1177,781866,0.8095943153461563,22.253193783172634
4,629,101.51357147271665,1,261,782127,0.7768755577989922,22.40722154931547
4,630,-89.09289729595184,2,135,782262,0.8316451834307776,21.996186701456704
4,631,140.0563522875309,1,245,782507,0.7658905231222815,22.09653049391143
4,632,-28.83436458557844,2,82,782589,0.8127073340299653,22.310030565029237
4,633,4.705516249872744,1,248,782837,0.8119192736283425,22.20265749577553
4,634,-75.46755629777908,2,58,782895,0.8101787505478695,22.315539557358314
4,635,169.91198712959886,1,464,783359,0.7750409465796989,22.07071980320174
4,636,78.31570814666338,1,508,783867,0.7932071961521163,22.006295406912255
4,637,-79.38485819101334,2,85,783952,0.7414614533676821,22.19508716358858
4,638,192.41429561562836,1,584,784536,0.8247960817119847,22.38405904541277
4,639,64.88946190086426,2,406,784942,0.7678885012865067,22.053644058152372
4,640,106.07636309228837,1,336,785278,0.8125290146008843,22.212408542633057
4,641,-142.3221070319414,2,215,785493,0.8451922763225644,21.945309204278992
4,642,33.141408026218414,1,30,785523,0.6272139449914297,21.75939852396647
4,643,-72.85692389309406,2,179,785702,0.7576784365004001,21.72512720417044
4,644,81.18170361788361,1,258,785960,0.771947431240895,21.862958091173986
4,645,-71.16060212254524,2,98,786058,0.8082133029796639,22.300248632625657
4,646,101.07892036437988,1,190,786248,0.8494767590572959,21.787381950177643
4,647,84.00188426719978,1,385,786633,0.8354433222250505,22.09710572478059
4,648,-44.09825676679611,2,31,786664,0.8167667658098282,21.49842089991416
4,649,111.614537358284,1,217,786881,0.8410287605177972,21.857577728236325
4,650,70.58800183977291,1,292,787173,0.7356461591712417,21.925860911199493
4,651,-54.90163520583883,1,604,787777,0.7718678881593098,21.903792098657973
4,652,-150.7421947382063,2,214,787991,0.7724878950932316,22.32440009072562
4,653,135.96222729422152,1,335,788326,0.7915365556282784,22.047577106418895
4,654,-89.5315568447113,2,110,788436,0.8723290876908736,22.14148585579612
4,655,157.22804987430573,1,348,788784,0.8153595524443977,21.816970255183076
4,656,115.30521851168669,1,496,789280,0.8084133496928599,21.582035072388187
4,657,209.9518720281194,1,701,789981,0.8262229078846549,21.866128135169625
4,658,-38.3830888569355,2,48,790029,0.82859383088847,22.264057596524555
4,659,89.58349107787944,1,268,790297,0.8256264321172415,21.87373943471197
4,660,-37.299290120601654,2,48,790345,0.6710925785203775,21.754990597565968
4,661,122.87355607886275,1,323,790668,0.8603338988572821,21.933917051498366
4,662,92.4930013534613,1,460,791128,0.8371106892176297,21.389568602520487
4,663,-79.92422699928284,2,30,791158,0.9133946756521861,21.97146333058675
4,664,-25.0299874630291,2,154,791312,0.8999851613075702,22.01147696259734
4,665,69.65851720247883,1,300,791612,0.7838630619645118,21.8047270488739
4,666,-124.69540312886238,2,198,791810,0.7842417457188019,21.601889961897726
4,667,89.45941016077995,1,175,791985,0.8259891695635659,21.31047024863107
4,668,-49.36479203402996,2,49,792034,0.7956589496865565,21.590116228376115
4,669,88.70689143048367,1,247,792281,0.8160414221557045,21.85009868328388
4,670,106.49288001214154,1,420,792701,0.8066395755325045,21.552175265266783
4,671,89.29486579231161,1,535,793236,0.746207365365786,21.491628712805632
4,672,-51.570182010531425,2,65,793301,0.8816323848871085,21.821206283569335
4,673,90.90045375563204,1,215,793516,0.8146655943504599,21.2962334655052
4,674,-269.91676891967654,2,738,794254,0.7702726646248241,21.486545150519063
4,675,78.91939055919647,1,110,794364,0.8839195709336888,22.001051729375664
4,676,-5.427751956623979,1,296,794660,0.8171051041902723,21.326613187789917
4,677,-69.16714468598366,2,31,794691,0.8644076547315044,21.77967809861706
4,678,115.76835522055626,1,216,794907,0.7471849503064597,21.50284152560764
4,679,-31.47812945919577,2,148,795055,0.718569511900077,21.538579244871396
4,680,91.55738439888228,1,291,795346,0.7918977209997341,21.595783771108515
4,681,-69.63027763366699,2,89,795435,0.7227011302883706,21.42534112394526
4,682,66.34141132235527,1,123,795558,0.8780229062568851,21.67273605160597
4,683,-185.67096447199583,2,655,796213,0.7852342808064614,21.610904475204816
4,684,121.42779745775624,1,437,796650,0.8325658447409658,21.47713055381513
4,685,-42.6748970746994,2,60,796710,0.7149047861496608,21.881175549825034
4,686,150.72159361839294,1,303,797013,0.8024367267149116,21.35503609660435
4,687,64.8098739721172,1,604,797617,0.794796488488352,21.338655241277834
4,688,-141.4725683927536,2,104,797721,0.8954902999103069,21.504167538422806
4,689,143.52671149373055,1,274,797995,0.8303686631639509,21.37889672717909
4,690,-39.45171195268631,2,49,798044,0.8431802969806048,21.31673964675592
4,691,-79.24467910919338,1,245,798289,0.8100174056023968,21.385787395555145
4,692,-79.04831910133362,2,49,798338,0.7247057909868202,21.433081354413712
4,693,119.87480759248137,1,341,798679,0.8154799407703086,21.315774629542556
4,694,-129.55994550138712,2,323,799002,0.798203474227858,21.36758649607561
4,695,110.76569545269012,1,187,799189,0.7980473908511075,21.165320330125127
4,696,-95.41482505202293,2,154,799343,0.8871379651419529,21.61548444822237
4,697,-12.451871113582456,1,301,799644,0.7745484406765909,21.508364183166098
4,698,73.15838795190211,1,528,800172,0.798435983784271,21.184182251944687
4,699,-93.20042166113853,2,123,800295,0.8339194934057995,21.33496686113559
4,700,110.06257582828403,1,319,800614,0.8091866718751136,21.15161565403953
4,701,-218.4921117424965,2,358,800972,0.7517395787898389,20.928723931978535
4,702,6.1715140184387565,1,57,801029,0.7253432927424448,20.642994027388724
4,703,-243.3091770336032,2,651,801680,0.810436048769548,21.231811413567186
4,704,-10.501095674058888,1,236,801916,0.8220611621262663,20.88390588760376
4,705,-362.8892621435225,2,1645,803561,0.8189628010462845,21.08361825334265
4,706,15.027995194046525,1,318,803879,0.7284611170209428,20.938496292762036
4,707,-74.26772063970566,2,43,803922,1.1148355693318124,21.163834172625876
4,708,16.049589114263654,1,281,804203,0.8054746560142558,21.21268159723791
4,709,81.72731113285408,1,451,804654,0.7958523927136694,21.282873781715953
4,710,29.103409492992796,1,531,805185,0.8148075297839673,21.0682232007244
4,711,-86.13511469960213,2,145,805330,0.8314915422735543,20.65852596677583
4,712,83.24003746104427,1,261,805591,0.7470232361349566,20.973359718176596
4,713,-41.61521303653717,2,60,805651,0.6531286383668582,21.233007876078286
4,714,98.53218591213226,1,173,805824,0.8378439388867748,20.968205451965332
4,715,-273.4523716419935,2,930,806754,0.8061361688119109,20.96694799648818
4,716,-51.254760056734085,2,180,806934,0.8499030651317703,20.998125733269585
4,717,-73.63354459032416,2,191,807125,0.7863015342133207,20.838435792174014
4,718,113.23304759075108,1,344,807469,0.8277963358302449,20.89940127938293
4,719,24.376463937805966,1,520,807989,0.8170089393281019,20.96699435710907
4,720,-2.8600442360620946,2,347,808336,0.7897943808812573,20.786344764555565
4,721,-388.8926679342985,2,1086,809422,0.8048819040615475,20.810952184828167
4,722,97.78141672816128,1,304,809726,0.8342704170040394,20.884983552129643
4,723,30.210901458238368,1,564,810290,0.7754970523693883,20.806269021744423
4,724,-39.53473671129905,2,329,810619,0.8188832809859858,20.73201112544283
4,725,101.27318748887046,1,327,810946,0.7746845338869532,20.843786370863608
4,726,-35.750917583703995,2,42,810988,0.9014617786521003,20.365316527230398
4,727,102.28220510482788,1,268,811256,0.8045430168954294,20.803602318265543
4,728,-273.6597507894039,3,642,811898,0.8159911065736664,20.75228437827755
4,729,68.41345319151878,1,125,812023,0.7464617025852204,20.63575860595703
4,730,39.21989351697266,1,446,812469,0.8266432413605831,20.86501875693488
4,731,75.47544455854222,1,418,812887,0.7878734062305478,20.77425298051971
4,732,-165.95425087213516,3,321,813208,0.7996783907354064,20.622896815386145
4,733,-106.11614246442332,2,467,813675,0.8147297425622347,20.565755762431046
4,734,44.34886067267507,1,143,813818,0.709376598363156,20.50971323960311
4,735,-29.399269722402096,2,54,813872,0.6722323949690219,21.039713382720947
4,736,-116.2966495975852,2,410,814282,0.8023807263955838,20.606026526195247
4,737,7.485202924814075,1,73,814355,0.7515769943799058,20.87407336822928
4,738,-272.5372392348945,2,1119,815474,0.8042759180761427,20.690095523087653
4,739,52.12487329659052,1,277,815751,0.8626976708212484,20.710927102539944
4,740,-171.44538708875916,2,442,816193,0.7651094192832844,20.662394260389235
4,741,-192.0994969829917,2,390,816583,0.7597178124464475,20.724096259092672
4,742,88.57898212969303,1,213,816796,0.8242707882128971,20.780456059415574
4,743,75.91865420108661,1,360,817156,0.755140995234251,20.393798200289407
4,744,-142.59085992595647,2,197,817353,0.91581122872188,20.574515807447096
4,745,74.90993896126747,1,157,817510,0.8139883771443822,20.575849484486184
4,746,27.346442208596272,1,500,818010,0.7960787331461906,20.512418878555298
4,747,73.75864415627439,1,368,818378,0.7979855965822935,20.417169283265654
4,748,-76.61833266931353,3,303,818681,0.7978277079539724,20.384780421115384
4,749,-369.07458874583244,2,1060,819741,0.8332112549048549,20.445948488307447
4,750,69.92487295111641,1,280,820021,0.800419297920806,20.3818142754691
4,751,-47.251483768224716,2,64,820085,0.7308862465433776,20.26103402674198
4,752,65.47237795591354,1,111,820196,0.6997442285756807,20.134469719620437
4,753,-50.217556446790695,2,48,820244,0.6528440024703741,20.451271653175354
4,754,-160.63916051387787,2,285,820529,0.7420461770735289,20.189069145604183
4,755,-25.26413375447737,1,283,820812,0.8426300785356191,20.5161214700436
4,756,61.956012083915994,1,287,821099,0.8157788802730082,20.403263932736493
4,757,82.73870040446491,1,491,821590,0.8123047317239758,20.237029223238135
4,758,78.17738199417363,1,608,822198,0.8338477314989033,20.289198277812254
4,759,-59.93323032557964,2,72,822270,0.878042860991425,20.392144587304855
4,760,77.70252794027328,1,122,822392,0.849732513799042,20.170537596843282
4,761,-82.11977460980415,2,120,822512,0.8954885348677635,19.9658642689387
4,762,86.2458579656959,1,400,822912,0.8088477112352848,20.32617880821228
4,763,50.97962310956791,1,504,823416,0.7802503241433038,20.270936935667006
4,764,104.73248017465812,1,351,823767,0.7587060224466514,20.02189919887445
4,765,-57.088339775800705,2,31,823798,0.8837722462992514,19.736336615777784
4,766,64.5113617181778,1,108,823906,0.763119792772664,20.38298002878825
4,767,-63.51859140396118,2,160,824066,0.8620464665815234,20.07670043706894
4,768,74.39707173407078,1,146,824212,0.8606637489714034,20.12693264713026
4,769,67.15403985313606,1,618,824830,0.790654004102386,20.167971435102444
4,770,72.02363220637199,1,485,825315,0.8234481033590652,20.24588023313542
4,771,-53.41264610737562,2,133,825448,0.8615536084748748,20.056140620009344
4,772,-43.939190725795925,2,191,825639,0.778348370684379,20.37975882984581
4,773,15.844110768288374,1,222,825861,0.8194956374061,20.162835683908547
4,774,127.67369618608791,1,417,826278,0.7500478533817996,20.159306201431676
4,775,109.94767912759562,1,382,826660,0.8003098513755499,20.18671211522287
4,776,-98.5406033641193,2,102,826762,0.8824014558511621,19.839729851367427
4,777,-70.51592118293047,2,192,826954,0.8352202447131276,19.908613835771877
4,778,56.19747139656748,1,271,827225,0.7921114986233165,20.015374841725254
4,779,-42.54796552658081,2,61,827286,0.7042271788003015,19.456372042171292
4,780,122.10107592493296,1,283,827569,0.8365520859143759,20.147951483305267
4,781,-125.01642264425755,2,277,827846,0.7981260613629103,19.82700024615126
4,782,-11.48895092541352,1,227,828073,0.825349226134464,19.9808683521422
4,783,-17.766970488009974,1,536,828609,0.792539699030901,19.84707908310107
4,784,-79.34853172302246,2,30,828639,0.8938357452551524,20.666345437367756
4,785,-30.01870510354638,1,217,828856,0.773916424968825,20.338490156534082
4,786,81.08039255347103,1,349,829205,0.8009843667462084,20.139130365541124
4,787,77.49396672402509,1,462,829667,0.81639831993745,20.015883257894806
4,788,-79.30409002304077,2,30,829697,0.8299469302097956,19.82205238342285
4,789,-51.70304361679155,2,353,830050,0.8269919526813388,20.017298987499377
4,790,110.18789806962013,1,292,830342,0.8512801201376197,20.105128053116474
4,791,87.16739991473332,1,349,830691,0.776334975715353,19.868268239805555
4,792,-29.840682983398438,2,79,830770,0.8127130424674553,19.77710828901846
4,793,-42.66588858421892,1,252,831022,0.8233018581356321,19.93246967830355
4,794,109.49957147233363,1,457,831479,0.7864592353807236,19.86880843122887
4,795,70.8412649827078,1,506,831985,0.8077505963004153,19.907833896606807
4,796,-80.81318092346191,2,30,832015,0.7404052277406057,19.855427551269532
4,797,110.25678110530134,1,436,832451,0.8313021153348301,19.75296644770771
4,798,79.58003221284889,1,545,832996,0.8091381667950831,19.88001994911684
4,799,-81.36865544319153,2,30,833026,0.8763906250397364,20.14367504119873
4,800,113.01525486679748,1,346,833372,0.8604692148335408,19.857664631970355
4,801,81.26302827089967,1,562,833934,0.8179863806933271,19.765225695545563
4,802,-80.77549934387207,2,30,833964,0.700670349597931,19.763628578186037
4,803,74.35675918892957,1,202,834166,0.815409331776128,19.71450714545675
4,804,-48.22408080473542,2,272,834438,0.9593220295055824,19.879438659724066
4,805,17.164258331409656,1,336,834774,0.7413585297763348,19.59942989973795
4,806,-46.00296713411808,2,53,834827,0.7792301262324711,19.35325660345689
4,807,94.28134854510427,1,232,835059,0.8413334436200816,19.694439304286036
4,808,92.00480700749904,1,585,835644,0.8418651449884105,19.780162113548343
4,809,-49.55271768569946,2,42,835686,0.7574210578487033,19.501307146889822
4,810,-112.57180662167957,1,524,836210,0.7721244901532435,19.606697330038056
4,811,-79.5673266351223,2,127,836337,0.8004200944281,19.409223624101774
4,812,68.14202466607094,1,110,836447,0.7976076481017199,19.34387316270308
4,813,-80.78524270653725,2,122,836569,0.858623673681353,19.69656006234591
4,814,134.8724134779768,1,393,836962,0.8167072799217914,19.577056710046666
4,815,-50.79757508635521,2,54,837016,0.9045556833346685,19.837728747615106
4,816,83.37426130473614,1,175,837191,0.7303743832451957,19.472000972202846
4,817,-62.92911172658205,2,129,837320,0.8741703421570534,19.263863593108894
4,818,82.34158585965633,1,172,837492,0.8399168835129849,19.768057296442432
4,819,-44.322311013937,2,30,837522,0.8644553780555725,18.832394727071126
4,820,-101.09473594278097,2,204,837726,0.8368283942633984,19.557927655238732
4,821,39.427192559465766,1,321,838047,0.8122341021013408,19.63663945539718
4,822,-54.23853188753128,2,56,838103,0.7210743629506656,19.515903285571508
4,823,121.75060344970552,1,321,838424,0.824266018711518,19.704046288011973
4,824,-35.36021476984024,2,66,838490,0.7058560048991983,19.322343811844334
4,825,96.55734122917056,1,211,838701,0.8457123916861006,19.48042356572445
4,826,45.379486914036534,1,597,839298,0.793967632143142,19.562747774811047
4,827,-29.739497512578964,2,59,839357,0.7093398298247385,19.369213653823078
4,828,1.1401825099310372,1,229,839586,0.7776267126397794,19.514567337702456
4,829,111.34856947103981,1,656,840242,0.8335207335014896,19.550575158944945
4,830,-38.30910551548004,2,47,840289,0.8669185289677154,19.583152141976864
4,831,-8.758550997823477,1,153,840442,0.8053008224449906,19.377289734634697
4,832,-263.1038447320461,2,937,841379,0.8372619547100942,19.418589205217717
4,833,27.02382273657713,1,295,841674,0.8556555689391443,19.54247627258301
4,834,-36.36906161904335,2,36,841710,0.7342911437153816,19.018494102689957
4,835,80.80516913533211,1,131,841841,0.777902320596098,19.39798507981628
4,836,-387.6496974006295,2,849,842690,0.8000187947556324,19.12863795524211
4,837,-127.071029946208,2,229,842919,0.8129223292311206,19.35956768385708
4,838,46.35222231037915,1,315,843234,0.829037777015141,19.44081435127864
4,839,-45.63651621341705,2,66,843300,0.7495514773058168,19.225202531525582
4,840,64.65153720974922,1,107,843407,1.0081292318406505,19.22111513904322
4,841,-37.899483354587574,2,208,843615,0.8128526195024068,19.50133610688723
4,842,117.09221871290356,1,455,844070,0.794229559976976,19.477439245286877
4,843,-46.86100655794144,2,73,844143,0.7908574240664913,19.385350201227894
4,844,72.46224889159203,1,194,844337,0.8011223988741943,19.50048530716257
4,845,-31.96110421232879,2,240,844577,0.8225811769564947,19.348123836517335
4,846,130.4933184881229,1,422,844999,0.8092864611278778,19.09462194985123
4,847,-48.4665005505085,2,42,845041,0.845096788236073,18.659965605962846
4,848,33.418770431308076,1,140,845181,0.8187905296683311,19.30870840890067
4,849,-8.882574255403597,2,648,845829,0.8131022208174805,19.078580578168232
4,850,44.263232834637165,1,176,846005,0.8152887882156805,19.1319005001675
4,851,-53.066862508654594,2,133,846138,0.7270046577865916,18.88999221199437
4,852,-67.11123709997628,2,351,846489,0.8187544205759325,19.115253695735223
4,853,100.64584086381365,1,246,846735,0.7881066771299858,19.223108966176103
4,854,-50.25944571197033,2,54,846789,0.8366645971934,18.854214862540918
4,855,89.99814733862877,1,188,846977,0.8402102270976026,18.99674773723521
4,856,63.26798990392126,1,526,847503,0.8013433123949363,19.036037495834293
4,857,-27.414178208106023,1,622,848125,0.8447291392988714,19.179614415122764
4,858,-42.86994022130966,2,59,848184,0.7949355679043268,18.653623354637016
4,859,-3.412043685792014,1,200,848384,0.8626731313765049,18.979632959365844
4,860,-56.39738351106644,2,30,848414,0.8429728746414185,19.415734990437826
4,861,111.38049061410129,1,266,848680,0.8109684104758098,19.314254248052613
4,862,-37.134973376989365,2,40,848720,0.7954333402216435,18.743786931037903
4,863,105.48921024799347,1,246,848966,0.8198122189539235,19.27049912475958
4,864,-78.6424888074398,2,123,849089,0.7536765322452639,18.693190729714992
4,865,123.77092479914427,1,241,849330,0.8817273483484118,19.1677241622165
4,866,-66.11288776993752,2,83,849413,0.8628413838794432,19.05858641934682
4,867,20.06203281879425,1,211,849624,0.8295911964364526,18.913923304227858
4,868,-119.41545459628105,2,215,849839,0.7952209115028381,19.034060668945312
4,869,26.90299419753137,1,290,850129,0.770642814040184,18.63122066629344
4,870,-55.951009809970856,2,72,850201,0.796353266470962,18.54539269871182
4,871,40.04154654406011,1,133,850334,0.9084105901700213,19.075245570419426
4,872,-66.59413787722588,2,52,850386,0.7269980082145104,18.770060007388775
4,873,113.39661652198993,1,353,850739,0.7939723020910203,18.847757644761387
4,874,-529.2226658575237,1,521,851260,0.8265172701307542,18.75731345193171
4,875,-50.2338867879007,2,334,851594,0.852556063832637,18.874111749454887
4,876,-127.89359319065989,2,617,852211,0.8352881016472363,19.041096987175592
4,877,83.3608255982399,1,144,852355,0.924410741776228,19.135370790958405
4,878,-33.229213697020896,2,267,852622,0.8889615753393495,18.892798713084016
4,879,99.87921844795346,1,267,852889,0.8227336222536108,18.97592797082908
4,880,-45.595947563648224,2,42,852931,0.8520774997415996,18.861562183925084
4,881,122.02641486003995,1,291,853222,0.8366977440327713,19.035342531105908
4,882,47.96712472711806,1,696,853918,0.8126165241259953,18.779474869541737
4,883,-79.18475505709648,2,112,854030,0.8158436851309878,18.616566164152964
4,884,95.0854059457779,1,150,854180,0.8640694348017375,18.779340483347575
4,885,-165.12872058255016,2,622,854802,0.8348908626573263,18.676270921897274
4,886,101.37465600296855,1,254,855056,0.8071136106186965,18.674120978107602
4,887,89.04263456747867,1,505,855561,0.7849739169720376,18.803649354689192
4,888,-81.82374707772397,2,528,856089,0.8856903768398545,18.74918736291654
4,889,36.392068683868274,1,450,856539,0.810756563146909,18.829241171942815
4,890,-47.42740920186043,2,66,856605,0.8787312670187517,18.943796981464732
4,891,76.79409036040306,1,140,856745,0.885591171681881,18.425350189208984
4,892,-93.43860703756582,2,421,857166,0.796316514672123,18.849885523743982
4,893,102.17314969992731,2,478,857644,0.8015439030266207,18.603310064291854
4,894,-53.457217276329175,1,230,857874,0.8359406587870225,18.635238017206607
4,895,81.36523473566922,2,546,858420,0.7809103796115289,18.533222030807327
4,896,13.180317550402833,1,58,858478,0.8252308127181284,18.779698158132618
4,897,-543.7018589072395,2,1105,859583,0.8169854285220755,18.585259076804597
4,898,133.53714345762273,1,311,859894,0.809154359857369,18.622290080766586
4,899,-52.249618113040924,2,53,859947,0.7838040427216943,18.521651573900908
4,900,108.16150778532028,1,212,860159,0.8813695356530963,18.557786469189626
4,901,68.58827329403721,1,499,860658,0.7948559732260351,18.459003683560358
4,902,-49.829911172389984,2,45,860703,0.7690648727946812,18.531759601169163
4,903,82.02016285061836,1,171,860874,0.7881902198345341,18.204207119188812
4,904,79.86989001079928,1,536,861410,0.8285729588746135,18.396432684428657
4,905,-34.12470665574074,2,36,861446,0.966565877199173,18.78926173845927
4,906,72.03435680270195,1,118,861564,0.8278312531568236,18.76828907303891
4,907,-288.51594488322735,2,610,862174,0.7875947061620775,18.184961064135443
4,908,100.52462559938431,1,186,862360,0.8640971159742724,18.687559932790776
4,909,36.99882544972934,1,719,863079,0.8207791969905477,18.421175570746623
4,910,-78.45620822906494,3,30,863109,0.9864849974711736,18.274875418345133
4,911,-20.58408606912417,2,245,863354,0.8672467827796936,18.490808245600487
4,912,-169.66210863739252,2,542,863896,0.8074057875854063,18.45696900075652
4,913,-144.92796922082198,2,1186,865082,0.8359650590568529,18.206093695674337
4,914,-47.20522752360557,2,349,865431,0.8087801017870534,18.063185262816685
4,915,100.03573226439767,1,315,865746,0.8079709428643423,18.247436347840324
4,916,-44.307228207588196,2,59,865805,0.7487231821326886,18.20047886088743
4,917,-20.832235874782782,1,275,866080,0.8221395023302599,18.249245203191585
4,918,-79.38075113296509,2,30,866110,0.9396360943714778,18.24336929321289
4,919,66.9088418509491,1,404,866514,0.8415801524378286,18.197088808116348
4,920,81.16649106005207,1,545,867059,0.8475868838642715,18.191811943054198
4,921,-240.262672361132,2,1137,868196,0.8270452248756573,18.123730453987758
4,922,9.784171493025497,2,215,868411,0.8396784598051116,18.224873303258143
4,923,40.37140453304164,1,331,868742,0.794879243993327,18.33577408171132
4,924,-52.50927026569843,2,89,868831,0.9225294158030092,18.211315412199898
4,925,101.2460131328553,1,241,869072,0.8250806879453144,17.844275783206417
4,926,-44.82465523481369,2,59,869131,0.86808345075381,18.37244712700278
4,927,11.74233998471027,1,249,869380,0.8263467070328663,18.08647770096499
4,928,-8.837455351371318,1,435,869815,0.8652081293621282,18.232954082269778
4,929,-2.8311117089469917,1,449,870264,0.8037573713104018,18.052968097423392
4,930,-113.36564784497023,2,220,870484,0.8477211889895526,18.23599837476557
4,931,-265.93056504868946,2,1129,871613,0.8236742455205419,17.949256209381076
4,932,-147.70381242409348,2,365,871978,0.8033242181555865,17.984565818473083
4,933,50.41018391214311,1,216,872194,0.7709926365426293,18.2749978657122
4,934,-46.896902561187744,2,66,872260,0.7421546253291044,17.778196291490033
4,935,105.01404828578234,1,209,872469,0.8537469375076476,18.30566683226225
4,936,-38.778086215257645,2,42,872511,0.8473826029470989,18.047488961900985
4,937,139.94155064830557,1,324,872835,0.8297049690175939,17.884813767892343
4,938,-46.8381364941597,2,53,872888,0.8024725840901429,17.44439538919701
4,939,-30.730331938248128,1,170,873058,0.7863103047889821,17.818353540757123
4,940,-62.87710688263178,2,90,873148,0.7471074680487315,17.889135975307887
4,941,-92.51136162877083,2,427,873575,0.8193366277692469,17.972700889551668
4,942,105.17171211866662,1,345,873920,0.8250402961088263,17.813374837239582
4,943,1.7942556947091362,1,568,874488,0.8549489239886613,17.84330878459232
4,944,-80.05139303207397,2,30,874518,0.8420312066872915,18.01683972676595
4,945,37.63291589170694,1,270,874788,0.8155104007985857,17.995899769111915
4,946,29.596646524121752,2,517,875305,0.8026964403905076,17.71203748492715
4,947,96.97586162621155,1,263,875568,0.8094981860071987,17.960914822132416
4,948,-32.17545995116234,2,30,875598,0.7186897406975429,17.155387338002523
4,949,99.93013598024845,1,177,875775,0.8260162718551981,17.539215987685036
4,950,-74.25546462833881,2,97,875872,0.7955551298008752,17.897161985181043
4,951,-13.908985582384048,1,200,876072,0.8393272465467453,17.653208718299865
4,952,118.3881572643295,2,459,876531,0.8089958476085289,17.698317764631284
4,953,-31.35971666430123,2,161,876692,0.8818211683205196,17.612862379654594
4,954,-43.29499980644323,2,491,877183,0.7298721541212435,17.659112367027888
4,955,49.60853670234792,1,245,877428,0.8255371260399721,17.96560916900635
4,956,-50.347031235694885,2,65,877493,1.0887420626787039,17.26266987140362
4,957,14.840157263388392,1,219,877712,0.8719589834071729,17.881490128225387
4,958,7.997097254556138,1,490,878202,0.798809951482987,17.50161138456695
4,959,-27.743969410657883,2,48,878250,1.0034533763925235,17.651847004890442
4,960,75.085480093956,1,179,878429,0.768234583252635,17.632043374983294
4,961,97.60405568475107,1,514,878943,0.8495944746505426,17.68607610858368
4,962,-45.61805501580238,2,30,878973,0.7371638099352519,17.65356903076172
4,963,-33.646788983925944,2,335,879308,0.7854014748067998,17.710846320194985
4,964,130.51401823200285,1,327,879635,0.8155496152351391,17.514154967911747
4,965,-122.72458493709564,2,73,879708,0.8243194402080692,17.6404213709374
4,966,103.3730951398611,1,279,879987,0.8538130433115053,17.303839382732214
4,967,-64.8938153386116,2,48,880035,0.695353307450811,17.53888867298762
4,968,112.37154921074398,1,295,880330,0.7664638075788143,17.31354490377135
4,969,-43.774860323173925,1,475,880805,0.8214857632235477,17.5402416169016
4,970,-38.81220129132271,2,47,880852,0.7720379563088112,17.314878646363603
4,971,135.66621932573617,1,436,881288,0.8191142236694283,17.61508004599755
4,972,100.43204198777676,1,471,881759,0.8618011914367635,17.52469434758407
4,973,-80.87523859739304,2,104,881863,0.897722021318399,17.41329614015726
4,974,116.79532855236903,1,277,882140,0.7601838049475467,17.3635122801853
4,975,-44.084437876939774,2,36,882176,0.7129345362385114,17.81699670685662
4,976,86.459413215518,1,156,882332,0.8787633608549069,17.59017797005482
4,977,22.096671889186837,1,746,883078,0.8304943339274972,17.38235880670215
4,978,-70.97921067476273,2,101,883179,0.9018603929198614,17.00717286780329
4,979,94.66793675720692,1,160,883339,0.8342660283669829,17.11402795314789
4,980,48.72672610951122,1,621,883960,0.843395771563725,17.39467606260389
4,981,-79.84178853034973,3,30,883990,0.8619165728489558,17.388753414154053
4,982,27.862972122617066,1,95,884085,0.8570929185340279,16.974052650050112
4,983,60.9775323762733,1,502,884587,0.8458743639794953,17.294878418227118
4,984,-58.128353133797646,2,108,884695,0.809477651560748,16.567862493020517
4,985,86.72148494422436,1,171,884866,0.8020622263177793,17.790629983645434
4,986,-2.2825349976774305,1,535,885401,0.7999115164591887,17.44832226227377
4,987,83.74308155264589,1,507,885908,0.8766741700308798,17.293037072206154
4,988,-81.00505042076111,2,30,885938,0.7937683284282684,16.92325455347697
4,989,-55.16917131468654,2,159,886097,0.7598997421984403,16.948114383145697
4,990,-6.084520602191333,2,440,886537,0.8500488092276183,17.18576472455805
4,991,10.966867140028626,1,30,886567,0.7559531291325887,17.791756693522135
4,992,51.22595566336531,1,425,886992,0.8146365439891815,17.2515477438534
4,993,-50.952833861112595,2,69,887061,0.7527029281077178,17.181722668633945
4,994,63.45937943458557,1,104,887165,0.915306203926985,17.460563210340645
4,995,69.93183639732888,1,266,887431,0.8104038749422345,16.959586340681952
4,996,-51.1009249910021,2,380,887811,0.8542301499529888,16.979990193718358
4,997,96.8627241573995,1,291,888102,0.8619382282098135,17.08192505131882
4,998,75.82877844269387,1,583,888685,0.8795332760896731,17.0370442028929
4,999,-73.57367312908173,2,90,888775,0.8137968675957785,17.24056323369344
4,1000,111.38500608503819,1,227,889002,0.7956038084586812,17.256355970441508
4,1001,-114.41751299817406,2,340,889342,0.8111144722384565,16.897397142298082
4,1002,-43.34800048478064,2,153,889495,1.0115427731298934,17.07046208350487
4,1003,-137.96248174319044,2,251,889746,0.7463115845543454,17.153369253850077
4,1004,65.10063116182573,1,299,890045,0.8649420629576298,16.904416709440607
4,1005,-50.98506048321724,2,83,890128,0.9142025999994163,17.2752006369901
4,1006,-26.434043514193036,1,162,890290,0.845543122401944,17.097175186063037
4,1007,9.708859084756114,1,456,890746,0.859752444387005,17.277542400778387
4,1008,-79.05361890792847,2,30,890776,0.7358507792154948,16.924976921081544
4,1009,99.2023738026619,1,245,891021,0.767702617207352,17.069907328547263
4,1010,-53.413653929543216,2,346,891367,0.7945846116783991,17.08336120395991
4,1011,4.224730180154438,1,251,891618,0.8875263760764286,17.1042459647494
4,1012,-26.176662331359694,2,196,891814,0.8599726974355931,17.142992987924693
4,1013,110.5191162773408,1,260,892074,0.8200176096879519,17.060164286540104
4,1014,-47.30733343958855,2,59,892133,0.7935708983469818,17.156611297090176
4,1015,93.19089566916227,1,226,892359,0.8481274696841704,16.84064744426086
4,1016,-366.0880714058876,2,417,892776,0.8054336197227597,16.82914993231245
4,1017,77.48097178339958,1,139,892915,0.8244080631424198,16.95066817715871
4,1018,-51.887540735304356,2,134,893049,0.8158003091812134,16.693331611690237
4,1019,-68.25577653985238,2,340,893389,0.7819028707988122,16.940944177964155
4,1020,59.71296165732201,1,232,893621,0.7580101841996456,16.584277424319037
4,1021,83.94664024433587,1,511,894132,0.8544196646857402,16.75001425472491
4,1022,-71.89782729836588,2,388,894520,0.8591980927998257,16.780411838256207
4,1023,111.6078579807072,1,359,894879,0.8373144539617895,16.87326312397184
4,1024,-60.72858390212059,2,42,894921,0.8984921794562113,16.848035290127708
4,1025,31.764871072562528,1,121,895042,0.8802972310338139,16.784172854147666
4,1026,-139.6982813156792,2,476,895518,0.8821789214716238,16.85548284474541
4,1027,-271.87721458439046,2,1512,897030,0.8468350990621186,16.787020459376947
4,1028,-27.771237087319605,2,144,897174,0.8517177169107728,16.775148067209457
4,1029,21.83104954357259,1,263,897437,0.840424660494119,16.478457367465523
4,1030,-24.57372516655596,2,241,897678,0.8843438442317282,16.92603246997501
4,1031,96.31215838727076,1,283,897961,0.7928316310943226,16.709637830619677
4,1032,-47.07177314162254,2,41,898002,0.9262012839317322,16.85803131940888
4,1033,96.67655247553193,1,237,898239,0.7746827249034045,16.730988192658888
4,1034,51.743240234784025,2,540,898779,0.8341799351904128,16.673428798604895
4,1035,-202.5949125625193,1,334,899113,0.7679983787015526,16.734718454098275
4,1036,-55.87967148423195,2,35,899148,0.7983675105231148,16.66478821890695
4,1037,45.67237687623128,1,159,899307,0.7569290005935813,16.526455699272876
4,1038,27.47886751079932,1,657,899964,0.855603823968446,16.709780977559777
4,1039,-41.30125233530998,2,47,900011,1.0370692230285483,16.416202950984875
4,1040,7.94185914559057,1,173,900184,0.8861144288426879,16.59047024787506
4,1041,84.15953705066204,1,498,900682,0.8661459180485293,16.681969451138293
4,1042,-77.55078172683716,2,30,900712,0.7582753201325735,16.6035013516744
4,1043,18.110155505128205,1,182,900894,0.8925380382564042,16.593623590993356
4,1044,85.30753094737884,1,549,901443,0.8271024635906428,16.549412315660486
4,1045,-8.825300382093701,2,496,901939,0.816552999759874,16.63710859706325
4,1046,-43.125927743385546,2,376,902315,0.8615276040707497,16.58946114905337
4,1047,103.51948790252209,1,233,902548,0.8151443315422074,16.517862401806745
4,1048,-47.002405762672424,2,41,902589,0.9400816705168747,17.20081703837325
4,1049,84.87311898171902,1,165,902754,0.8476029036623058,16.58874304222338
5,1001,83.21632885932922,1,89,889091,1.5218794486495886,17.89608925380064
5,1002,12.052720690349815,2,619,889710,0.8596201296865651,16.918946773054525
5,1003,19.624904656317085,2,566,890276,0.8001567443352284,16.82615309974751
5,1004,50.41666082351003,1,570,890846,0.8203710165985844,16.685115134925173
5,1005,53.139906025957316,2,785,891631,0.8585401504662387,16.640988061989948
5,1006,122.63688195880968,1,848,892479,0.8374906115515052,16.73798584488203
5,1007,-67.94050966203213,2,63,892542,0.7709283682089003,16.544484289865647
5,1008,-118.8779506047722,1,470,893012,0.8088536628383272,16.764128441506244
5,1009,13.838461558450945,1,353,893365,0.8585089642670607,16.81379581916096
5,1010,-100.70830856706016,2,286,893651,0.8873252378893899,16.549673133796745
5,1011,48.274546811473556,1,240,893891,0.858597012857596,16.588428668181102
5,1012,43.17873677285388,1,262,894153,0.7857223013202652,16.55206498298936
5,1013,-6.671812242595479,1,406,894559,0.8342021498920882,16.61511175973075
5,1014,-59.26550302072428,2,344,894903,0.8165289004181706,16.580706771029984
5,1015,92.33082576905144,1,465,895368,0.810930815242952,16.57438433452319
5,1016,-42.41475602675928,1,506,895874,0.8409801420604759,16.718625070549283
5,1017,31.334179417346604,1,324,896198,0.8826546029728136,16.76079344455107
5,1018,-117.00409089773893,2,127,896325,0.8720992111314939,16.332708298690676
5,1019,58.24191767722368,1,145,896470,0.8071734839472278,16.493317972380538
5,1020,8.409594460506923,1,309,896779,0.857670214666132,16.870101058367386
5,1021,43.90442310099024,1,216,896995,0.7994486330835907,16.513630434318824
5,1022,31.381547445897013,1,225,897220,0.787113672097524,16.54857258266873
5,1023,13.019778352696449,2,203,897423,0.802713911521611,16.624468061137083
5,1024,42.706654635607265,1,161,897584,0.7799922244519181,16.783622309287882
5,1025,-38.39683115412481,2,331,897915,0.8449043278607717,16.614081241573093
5,1026,44.69029048271477,1,218,898133,0.8836837576343379,16.587989616831507
5,1027,43.49702463342692,1,211,898344,0.9393930757215238,16.6483336624941
5,1028,29.92486480808293,1,312,898656,0.8518706541986037,16.42190204216884
5,1029,-35.32511132955551,2,50,898706,0.7736442065238953,16.06550371170044
5,1030,28.476861629867926,1,248,898954,0.824487573557323,16.541138402877316
5,1031,-2.749902415089309,1,352,899306,0.8473131231624972,16.684396518902346
5,1032,-80.81810259819031,2,30,899336,0.8301157514254253,16.596869786580402
5,1033,48.55470182723366,1,273,899609,0.915763910764303,16.418838878254313
5,1034,-46.536100399665884,1,306,899915,0.8286041758613649,16.600767104454288
5,1035,31.355819279910065,1,179,900094,0.8927075345089982,16.61802019620075
5,1036,-63.75113047659397,2,80,900174,0.910869212076068,16.418953454494478
5,1037,68.04829481244087,1,257,900431,0.7877706043451213,16.497546203405477
5,1038,-14.59076013504091,2,297,900728,0.9095695758307422,16.34082065929066
5,1039,16.962963912752457,1,235,900963,0.8381312784996439,16.67969747096934
5,1040,17.247676932893228,1,421,901384,0.8426420782071111,16.405530770997252
5,1041,-2.608412895409856,1,350,901734,0.8435044780799321,16.34746148245675
5,1042,-20.181838701595552,2,219,901953,0.9068306416409201,16.14251549603188
5,1043,-23.26825002784608,1,261,902214,0.7714887164333314,16.106210045430853
5,1044,25.61771844883333,1,352,902566,0.8101147988980467,16.454444503242318
5,1045,46.853443945525214,1,326,902892,0.8512748824489629,16.299599978090065
5,1046,-12.20559993875213,1,226,903118,0.8579706607666691,15.95090675143014
5,1047,-79.75602960586548,3,30,903148,1.2890956421693167,15.929842948913574
5,1048,47.96976098977029,1,154,903302,0.8458475553757184,16.141049799981054
5,1049,18.728679179723258,1,323,903625,0.8853184075178376,16.268152375708425
5,1050,-82.29132357623894,3,365,903990,0.8405751103407716,15.916859963822038
5,1051,47.130743588495534,1,222,904212,0.7773967797423268,16.299243145160847
5,1052,-23.13400174083654,2,335,904547,0.8548725251831225,16.321348884924134
5,1053,32.921357420273125,1,266,904813,0.8708220299025228,16.14642109548239
5,1054,-74.85600393731147,1,327,905140,0.816952097033142,16.11457040477601
5,1055,13.330021427071188,1,294,905434,0.9044191892049751,16.48554770476153
5,1056,38.52638422045857,1,346,905780,0.8794833221876552,16.19230330748365
5,1057,-61.61274692416191,2,89,905869,0.939370252108306,15.917899153205786
5,1058,51.689460998633876,1,245,906114,0.7868964174572303,16.298371334465184
5,1059,24.163255215913523,1,382,906496,0.8573866873511469,16.02497867264673
5,1060,-35.72578289674129,2,355,906851,0.896266934653403,16.234991981613803
5,1061,17.849298550747335,1,322,907173,0.8143412307922885,16.182674547159895
5,1062,21.107518524397165,1,339,907512,0.8829191528414555,15.993711989186155
5,1063,-5.387991563999094,1,440,907952,0.8180172507058491,15.934317200834101
5,1064,-155.9356765364064,2,152,908104,0.7970097878653752,16.13361161633542
5,1065,69.12445067986846,1,155,908259,0.8384176238890617,16.10125762570289
5,1066,37.31866882077884,1,491,908750,0.8948217804587301,15.966475807236558
5,1067,-83.42605209350586,2,31,908781,0.9502774573141529,15.828671578438051
5,1068,58.64168681087904,1,215,908996,0.8352094507494638,15.896034910512524
5,1069,-81.69843042375578,1,349,909345,0.8260894188908247,15.623828860613541
5,1070,22.75721539015649,1,397,909742,0.7961186995584358,15.961142460705352
5,1071,-48.45038509386359,2,321,910063,0.8086426471624047,16.03568236924406
5,1072,39.291877034818754,1,190,910253,0.7851558208465577,15.76430294137252
5,1073,40.75752948336594,1,318,910571,0.8919244217422774,15.849823903737578
5,1074,20.602824411645997,1,359,910930,0.8352475733312059,15.993962133827315
5,1075,35.78038874766207,1,371,911301,0.8705180697042666,15.953388108718748
5,1076,-70.18333823481225,2,149,911450,0.8118755039352699,15.84381929820016
5,1077,40.46945676021278,1,292,911742,0.8516777322104533,15.810108341582835
5,1078,10.53790680032398,1,345,912087,0.864593281780464,15.557184104643007
5,1079,-45.23991716909222,2,290,912377,0.8787419255437522,16.036967303835112
5,1080,55.687686771154404,1,88,912465,0.8753698220984503,16.09747966853055
5,1081,48.41753713681828,1,353,912818,0.878641819903263,15.573210329914904
5,1082,-70.53409497439861,2,34,912852,1.0128066592356737,16.965809597688562
5,1083,28.50247022509575,1,38,912890,0.6946145029444444,15.35259425012689
5,1084,3.153965068049729,1,436,913326,0.8462027045428206,15.651036684666204
5,1085,18.113921844946162,1,390,913716,0.8995264195478879,15.721706177638127
5,1086,-67.13773742318153,2,44,913760,0.7963085574182597,15.114785931327127
5,1087,62.104484802577645,1,176,913936,0.8909510399468921,15.939727420156652
5,1088,31.98917776835151,1,558,914494,0.8908143705257805,15.419311479001061
5,1089,-47.93663838505745,2,32,914526,0.8097127545624971,15.022260129451752
5,1090,34.86622571677435,1,137,914663,0.9019160768846526,15.305912379800839
5,1091,46.490462864225265,1,344,915007,0.7935890342260516,15.704166173934937
5,1092,-146.59755530412076,2,385,915392,0.8533559329323954,15.407374342385825
5,1093,12.07450672169216,1,272,915664,0.8640947176472229,15.308929362717796
5,1094,45.76484793740383,1,452,916116,0.9176841469201367,15.417450428009033
5,1095,10.948214664706029,1,465,916581,0.8224889770630868,15.680834973242975
5,1096,-64.34679138846695,2,186,916767,0.8721837923731856,15.431194372074579
5,1097,52.83779838564806,1,238,917005,0.901406871045337,15.39237296881796
5,1098,28.80920428596437,1,400,917405,0.8682956164330244,15.32697762966156
5,1099,53.324032026313944,1,325,917730,0.8179223150473375,15.347791225726787
5,1100,-78.4395546913147,3,30,917760,0.7663390119870503,15.19197769165039
5,1101,59.73315707966685,1,159,917919,0.8963150374544492,15.334023688574257
5,1102,22.554838366166223,1,409,918328,0.8339360960392613,15.52471971861599
5,1103,53.657212992431596,1,473,918801,0.8634719631258579,15.044015819880222
5,1104,-50.44491363688394,2,248,919049,0.8832820545761816,15.175054307906858
5,1105,-77.28928792627994,2,194,919243,0.9133814860557773,15.021265280615424
5,1106,83.57269886136055,1,159,919402,0.8163089289230371,15.570090167927292
5,1107,-3.863254170108121,1,403,919805,0.8883010276198091,15.35714627258831
5,1108,-156.2521140356548,2,302,920107,0.8306452726686238,15.229479256055212
5,1109,63.660577337257564,1,216,920323,0.8317966174196314,15.147435263351158
5,1110,-85.2618761213962,2,319,920642,0.8343262962973603,15.33818713998346
5,1111,98.65676328237168,1,341,920983,0.9083374093704559,15.226648657902246
5,1112,63.107732139353175,1,377,921360,0.858371201418439,15.44526535003824
5,1113,-21.494162969465833,2,361,921721,0.8657087386479999,14.971642422874218
5,1114,138.35664982144954,1,489,922210,0.8225491800191213,15.058146190058235
5,1115,75.36685054120608,1,371,922581,0.8585978338339258,15.2298761223847
5,1116,-27.26012043468654,2,326,922907,0.8692104458077553,15.206073480149719
5,1117,-81.00487714260817,2,144,923051,0.9118593564877907,15.054522580570644
5,1118,-54.50565548799932,2,164,923215,0.8521768794190593,14.978380680084229
5,1119,32.932136873248965,1,362,923577,0.8860221250775111,15.185963288196543
5,1120,-41.546604096889496,2,39,923616,0.8635645730373187,14.973468315907013
5,1121,87.41698572916357,1,318,923934,0.8314645152609303,15.09358233475835
6,1101,89.85138756036758,1,97,917857,1.5376526200279748,16.221819572841998
6,1102,-8.92848622892052,2,996,918853,0.8531043694679996,15.104441850060919
6,1103,-19.383814604429062,1,674,919527,0.8755484408193243,14.838082643220261
6,1104,-81.38142882124521,2,411,919938,0.8634055029156724,15.047373279747882
6,1105,11.496112680062652,1,535,920473,0.8582629367012844,15.069114220699417
6,1106,-350.8498150333762,1,422,920895,0.8491229349967993,14.908990187667557
6,1107,68.61924385044222,1,328,921223,0.8455932919935483,15.178765064332543
6,1108,-41.48152165743522,2,119,921342,0.9543173433351917,15.493047754303747
6,1109,50.84039614815265,1,195,921537,0.8661430847950471,14.874114530514449
6,1110,92.14388425767538,1,884,922421,0.8650179816182383,15.103459729328414
6,1111,-33.57141647109529,2,329,922750,0.8912918510589194,14.866124790852556
6,1112,-75.99513420043513,1,233,922983,0.8656606754775723,15.318747414028184
6,1113,-63.45179475915211,2,382,923365,0.8193598681407449,14.929588276678356
6,1114,-31.648089535854524,1,232,923597,0.790297934207423,15.02839129546593
6,1115,92.50656644301489,1,414,924011,0.8865732957343548,15.286618025406547
6,1116,25.725984225282446,1,424,924435,0.8602459089092489,15.073257626227612
6,1117,-81.08685541152954,2,30,924465,0.7997001707553864,15.281225395202636
6,1118,57.37062429077923,1,163,924628,0.8901986086661099,15.405233585030023
6,1119,33.851633406826295,1,439,925067,0.8514989008257221,14.99100921691686
6,1120,-186.90768685936928,2,233,925300,0.8972560022777754,15.292500545026918
6,1121,52.586704986868426,1,344,925644,0.8135946898093057,15.12716885777407
6,1122,20.398785745957866,1,310,925954,0.8489840467129984,14.88944121330015
6,1123,-42.917206306534354,2,113,926067,0.8512248903249218,15.239907019961196
6,1124,31.57026118040085,1,262,926329,0.8903964935368254,15.100308167115422
6,1125,-40.1055063707754,2,321,926650,0.7950333429274158,14.862761687638232
6,1126,38.33394964854233,1,219,926869,0.9205658227613528,14.704960152438787
6,1127,-283.63801096379757,1,415,927284,0.905472234573709,15.079262386459902
6,1128,-49.692856788635254,2,63,927347,0.800963603787952,15.007229017832923
6,1129,2.708243341650814,1,202,927549,0.8785850669782941,15.019195466938585
6,1130,12.00112729659304,1,437,927986,0.8930469274657269,14.992988336550017
6,1131,-15.2359431036748,1,302,928288,0.8565529006601169,15.188147601702356
6,1132,18.81396266273805,1,429,928717,0.8438102240329022,15.155600879020069
6,1133,-57.258860770380124,2,115,928832,0.8595042371231577,14.918448104029116
6,1134,47.14278158824891,1,203,929035,0.906025374317404,14.875205584934779
6,1135,29.478053528117016,1,286,929321,0.8942890367307863,14.820192813873291
6,1136,55.95473797363229,1,322,929643,0.9052303772165168,14.971823419843401
6,1137,-40.33458804152906,1,323,929966,0.8694117001889291,14.685358705904461
6,1138,-24.64957926067291,2,170,930136,0.8132686944568859,14.708016816307516
6,1139,-12.792049061332364,1,124,930260,0.7906245060505406,15.219346215648036
6,1140,45.57438627642114,1,304,930564,0.8307367048569416,14.733635585559043
6,1141,27.68635078764055,1,380,930944,0.8478301134548689,14.972487828606054
6,1142,-22.08527795937698,2,102,931046,0.9151991740161297,15.005293285145479
6,1143,53.85533600114286,1,240,931286,0.8369134835898876,14.82714208761851
6,1144,18.486478982085828,1,349,931635,0.8296172158595142,14.83810422481985
6,1145,-14.867510284646414,2,245,931880,0.7769007441948871,14.734027730202188
6,1146,32.4881398845464,1,184,932064,0.8855791692824467,14.852627572805986
6,1147,18.44236660632305,1,360,932424,0.8382407394548257,14.685934812492794
6,1148,-58.15841919183731,2,62,932486,0.8728123908081362,14.480290882049069
6,1149,39.488591746776365,1,171,932657,0.8916633718195017,14.640337196707028
6,1150,-31.60846492019482,2,352,933009,0.9427279525182464,14.973093276674097
6,1151,20.05278381111566,1,280,933289,0.8957362395312105,14.644078387532915
6,1152,-94.37168678641319,2,154,933443,0.8109399264121985,14.768919567009071
6,1153,47.59300374239683,1,115,933558,0.8589257354321687,14.74028268897015
6,1154,17.472706925531384,1,358,933916,0.8643678221955645,14.685719808386692
6,1155,37.968244550284,1,291,934207,0.8834261977180993,14.713277471024556
6,1156,-51.3388115465641,2,63,934270,0.7813398838043213,15.181544334169418
6,1157,62.970024966751225,1,194,934464,0.8565802935165229,14.857755348854457
6,1158,57.07368855562527,1,356,934820,0.8963348111242391,14.761463264401039
6,1159,30.930208075777045,1,484,935304,0.896765018297621,14.674805281576047
6,1160,-31.561590186145622,2,256,935560,0.8371929799905047,14.720537090674043
6,1161,22.513857553130947,1,192,935752,0.8507902926454941,14.696649556358656
6,1162,42.373429337050766,1,387,936139,0.8647941133002595,14.93495072874912
6,1163,13.922392141248565,1,429,936568,0.9229510552260703,14.811639928039693
6,1164,-81.39625811576843,2,30,936598,0.7151115477085114,14.859342988332113
6,1165,46.16728711873293,1,120,936718,0.8458446594576041,14.646039732297261
6,1166,9.531053702579811,1,402,937120,0.8609210465529665,14.623983623969615
6,1167,36.9113401856157,1,428,937548,0.8715098508607562,14.595158053335743
6,1168,46.36661941790953,1,362,937910,0.8757433561165688,14.649849815263273
6,1169,-67.96295163035393,2,30,937940,0.99536661307017,15.196059862772623
6,1170,60.14032730087638,1,185,938125,0.7907259783229312,14.919362758945775
6,1171,65.32139001227915,1,415,938540,0.8353287374398795,14.68539385278541
6,1172,68.35291076346766,1,240,938780,0.8534813728183508,14.426846551895142
6,1173,-80.43135857582092,2,30,938810,0.7189795980850856,13.797702916463216
6,1174,31.122432112693787,1,30,938840,0.8312453111012776,13.83963950475057
6,1175,32.912461415398866,1,296,939136,0.8099839257428775,14.337109815429997
6,1176,-28.92230403982103,1,628,939764,0.8694022769096551,14.57878954547226
6,1177,-60.76896941661835,2,96,939860,0.853378647317489,14.961776246627172
6,1178,60.13215756416321,1,109,939969,0.7717225395758217,14.679305444069959
6,1179,38.13557933084667,1,404,940373,0.878459376863914,14.427573215843427
6,1180,-101.33710753647028,1,426,940799,0.916291592406555,14.683249395218255
6,1181,-36.956446232041344,2,415,941214,0.8167584921940263,14.258457302185427
6,1182,56.76152466642088,1,180,941394,0.9753762804799609,14.505626299646165
6,1183,0.7637917049287353,1,476,941870,0.8633673313786002,14.380306733756505
6,1184,-80.62880611419678,3,30,941900,0.9585296968619029,14.18347848256429
6,1185,75.2030418466311,1,243,942143,0.8550932964179742,14.217574855427683
6,1186,41.962883636830156,1,534,942677,0.8666331930441803,14.650715068931436
6,1187,-23.746370904846117,2,449,943126,0.8971719942273435,14.296242246649047
6,1188,45.07431861828081,1,216,943342,0.9088620150254832,14.176643159654406
6,1189,-186.1810653656721,2,375,943717,0.8422574193477631,14.537092760721842
6,1190,-51.46476203738712,1,306,944023,0.9450509667006972,14.533403217402938
6,1191,59.11625138600357,1,438,944461,0.892707858795989,14.528229363977093
6,1192,56.76188172480033,1,408,944869,0.8385801887979695,14.400693005206538
6,1193,-65.96513670682907,2,30,944899,0.7858510196208954,14.289066632588705
6,1194,77.33033987737144,1,228,945127,0.8970678249994913,14.227551535556191
6,1195,44.6583736432076,1,554,945681,0.9036790654870147,14.433361572479082
6,1196,-8.958226262533572,1,424,946105,0.8611832166196041,14.472279960254454
6,1197,-70.33149825036526,2,138,946243,0.9852132760528205,14.41876469142195
6,1198,75.82974824681878,1,203,946446,0.9302457908691444,14.450356699563013
6,1199,12.159379782620817,1,453,946899,0.8452590225679721,14.240244507526457
6,1200,10.266877588132047,1,440,947339,0.8929253408854658,14.232188193364577
6,1201,-116.83062815619633,2,265,947604,0.8709116571354416,14.103506041472812
6,1202,81.95518552174326,1,352,947956,0.8335604646497152,14.31428504667499
6,1203,39.246802787762135,1,414,948370,0.8633150137996904,14.38847149282262
6,1204,79.117106187623,1,268,948638,0.9294224394791162,14.205067552737336
6,1205,-48.90832099318504,2,31,948669,0.7411608282596834,14.020603764441706
6,1206,-24.229745117016137,1,153,948822,0.8985838553095176,14.229990136389638
6,1207,66.04760116405669,1,455,949277,0.866510497541218,14.245977881714538
6,1208,-60.35011640191078,2,58,949335,0.8279955006878952,14.124338807730838
6,1209,92.94919959589606,1,529,949864,0.882648537931911,14.135783898582531
6,1210,84.27560654483386,1,448,950312,0.8487864225836736,13.898367626326424
6,1211,73.49294539401308,1,360,950672,0.8813921555876731,13.860560244984097
6,1212,-93.85000514984131,2,36,950708,0.8329542660050921,14.229925394058228
6,1213,71.34523273259401,1,175,950883,0.9083861364637102,14.082443526131765
6,1214,42.72416423028335,1,495,951378,0.9082338328915412,14.09742414301092
6,1215,59.401820140716154,1,475,951853,0.9522019930889732,14.059036568089535
6,1216,-62.672660797834396,2,162,952015,0.827505021367544,13.795181745364342
6,1217,13.9005765466718,1,298,952313,0.9365760475997157,13.883141597645395
6,1218,50.45714979504919,1,534,952847,0.8306595191415329,14.06758438603262
8,1201,85.38115406036377,1,90,947429,1.5166731337706247,14.700078137715657
8,1202,72.00882281374652,1,426,947855,0.8655109750412999,14.16597650644365
8,1203,-43.530929043889046,2,54,947909,0.9494527285849607,14.878280189302233
8,1204,-47.409128203988075,2,135,948044,0.890296608430368,14.135912979973687
8,1205,40.66195539123146,1,464,948508,0.8491206797289437,14.028236124022254
8,1206,-46.912004202604294,2,63,948571,0.7491651328783187,13.945767826504177
8,1207,-11.22654817206785,2,173,948744,0.9540466717901946,14.266984575745687
8,1208,26.28092367167119,1,382,949126,0.8910536893999389,13.635403659331237
8,1209,55.36473876715172,1,250,949376,0.8655489057302475,13.973557704925538
8,1210,-86.69796632230282,2,148,949524,0.8921993854078086,13.930055334761336
8,1211,46.613051883876324,1,361,949885,0.8998589962308097,13.62065512585838
8,1212,46.94979849900119,1,266,950151,0.8074867105797717,13.6908521508812
8,1213,-70.85699924826622,2,61,950212,0.850895463931756,13.291367171240635
8,1214,6.010874895961024,1,237,950449,0.8872106338100594,13.540056188398273
8,1215,-39.004159450065345,1,527,950976,0.8416444248673586,13.73849157318897
8,1216,-85.78788608312607,2,37,951013,0.80858457732845,13.760292710484686
8,1217,66.97956664123922,1,313,951326,0.8404671854485338,13.630737038085256
8,1218,-2.4777589687510044,1,296,951622,0.8524920247696541,13.624900010791984
8,1219,-1.5766628759447485,1,414,952036,0.9423177330102321,13.79613654970547
8,1220,64.90482836554293,1,294,952330,0.8676432647875377,13.74306007631782
8,1221,64.91318787657656,1,288,952618,0.8662819349103503,13.911080810758802
8,1222,26.318437807727605,1,308,952926,0.9338477711592402,14.034067073425689
8,1223,36.287443383131176,1,371,953297,0.9285553139496364,13.942308141857467
8,1224,32.2453807018901,1,386,953683,0.8938375694455261,13.884501224972423
8,1225,-57.46154224872589,2,55,953738,1.0675063349983909,13.844646124406294
8,1226,42.966800566995516,1,384,954122,0.8747188040676216,13.729419469833374
8,1227,-30.743434546515346,1,366,954488,0.885830931080495,13.661577127018912
8,1228,-65.91160762659274,2,167,954655,0.8850299087827077,13.775898231003813
8,1229,34.872102200984955,1,30,954685,0.9669896145661672,12.900995826721191
8,1230,67.02310338889947,1,334,955019,0.8622891105220704,13.954179479690369
8,1231,31.8349044562201,1,335,955354,0.9192607129687693,13.896665285594429
8,1232,-41.677623299416155,2,395,955749,0.8832344662539566,13.793742816055877
8,1233,36.61838275194168,1,52,955801,0.8398874872005903,13.915857039965116
8,1234,-79.00241151888622,1,362,956163,0.9068052618049126,13.735207698621803
8,1235,-55.97174036502838,2,74,956237,0.881206779061137,13.612780506546432
8,1236,-8.74601123057073,2,105,956342,0.9241040610131763,13.796099181402298
8,1237,-4.699904496548697,1,213,956555,0.8994648932291308,13.852261312690699
8,1238,90.3255218535196,1,328,956883,0.9618400271709372,13.7663695623235
8,1239,22.406144250626312,1,367,957250,0.916417936619361,13.641558696528547
8,1240,16.328224570663224,2,279,957529,0.9491024998994712,13.766417951139498
8,1241,62.119984495511744,1,204,957733,0.8298197970086453,13.521372313592948
8,1242,-51.95459035693784,2,343,958076,0.9064777592528318,13.741455902511108
8,1243,-54.23617120832205,2,79,958155,0.7601061410541776,13.110113204280033
8,1244,-131.64643798023462,1,311,958466,0.8927934569369559,13.378581157451274
8,1245,-97.87709468603134,2,86,958552,0.8327255148527234,13.394215057062548
8,1246,44.91193714737892,1,73,958625,0.9407313629372479,13.859655569677484
8,1247,36.52796921861591,1,323,958948,0.8798544723367543,13.455366909688472
8,1248,-47.805752605199814,2,49,958997,0.9658625186706076,13.582655186555824
8,1249,72.547006004781,1,304,959301,0.9729627948254347,14.069887714950662
8,1250,-81.23219642043114,2,61,959362,0.9609295618338664,13.40847987815982
8,1251,-0.20791122823720798,1,196,959558,0.8964835081477555,13.760577024245748
8,1252,-104.3339895659592,2,307,959865,0.9220895708966332,13.698459176364862
8,1253,26.991140302619897,1,246,960111,0.8822015456067838,13.57478293170774
8,1254,-0.650028545576788,1,317,960428,0.8803910153333321,13.476668338294285
8,1255,-217.7610900104046,1,333,960761,0.9021660317708781,13.404895553359756
8,1256,9.812896880786866,1,353,961114,0.88063568298945,13.57050723327118
8,1257,-83.12618327140808,2,30,961144,0.8196410407622655,13.469089333216349
8,1258,-52.1097245067358,1,251,961395,0.8607683993905664,13.539805028543054
8,1259,8.432131469045999,1,331,961726,0.8804567874918532,13.615457485809786
8,1260,-23.92611375823617,2,378,962104,0.914620495425961,13.351613589695521
8,1261,-55.09902236610651,2,81,962185,0.8254337377018399,13.513247313322845
8,1262,31.695453442633152,1,194,962379,0.878964981774694,13.429048211304183
8,1263,-18.266312633058988,2,423,962802,0.9470402018539167,13.724391927110387
8,1264,27.613373646046966,1,233,963035,0.8182340896180771,13.344250423202187
8,1265,-29.394818406639388,2,467,963502,0.8849880408168604,13.388990513517719
8,1266,16.082177989184856,1,178,963680,0.8765079379081726,13.496202859985694
8,1267,-30.96105255499424,2,299,963979,0.9102115973979733,13.195680018651446
8,1268,16.03440746315755,1,188,964167,1.0161141111178602,13.495446555157924
8,1269,30.782334019546397,1,326,964493,0.8754765919746796,13.465000620648905
8,1270,-36.85562941431999,2,32,964525,0.8792379889637232,12.995383650064468
8,1271,48.0834002247866,1,199,964724,0.8148792723015924,13.295263954143428
8,1272,29.69621672714129,1,265,964989,0.8581516846170966,13.581798884553729
8,1273,-36.68314408210426,2,412,965401,0.9396921731169942,13.376992155047295
8,1274,-51.04567912220955,2,102,965503,0.9031957358706231,13.686273761824065
8,1275,48.39396680984646,1,241,965744,0.9181913115176917,13.298672644429187
8,1276,42.74501592665911,1,262,966006,0.8537265474104699,13.26241750389565
8,1277,22.077490700874478,1,286,966292,0.9384522469310493,13.37136327303373
8,1278,-23.254807874560356,2,79,966371,0.9175307049026972,13.210573733607426
8,1279,52.78061833418906,1,227,966598,0.8888716544086187,13.033926289512197
8,1280,-11.596339551964775,2,210,966808,0.918997957451003,13.261254527455284
8,1281,12.677864389494061,1,30,966838,1.0098537117242814,12.920732879638672
8,1282,11.533269017701969,1,306,967144,0.9729102327932719,13.010979448268616
8,1283,14.429396564344643,1,521,967665,0.8611874224585901,13.346591257545633
8,1284,11.706953676621197,1,441,968106,0.8982033302454181,13.222365677762193
8,1285,42.12033098039683,1,406,968512,0.9310778775825876,13.100256766004515
8,1286,-82.2235176563263,2,30,968542,1.1112594226996104,13.447379112243652
8,1287,54.638097441755235,1,262,968804,0.9127234717589299,13.208370064961091
8,1288,-36.32826715707779,2,37,968841,1.01518689297341,13.99091201215177
8,1289,-64.35550209879875,2,147,968988,0.8348933973279941,13.52372205825079
8,1290,-56.983947190776234,2,167,969155,0.8741371833278747,13.400429251665127
8,1291,-50.382948172977194,2,96,969251,0.9649660624563694,13.480935533841452
8,1292,46.74037861637771,1,219,969470,0.8859422274920494,13.385933264205445
8,1293,0.5025994863826782,2,312,969782,0.9469010027555319,13.483556534999456
8,1294,-28.922047694621142,2,84,969866,0.9752536352191653,13.688677901313419
8,1295,48.89644017419778,1,222,970088,0.9456057717671266,13.380003505998904
8,1296,-14.28259380304371,2,430,970518,0.9201538020788237,13.200611938432205
8,1297,49.597140628960915,1,216,970734,0.8411568590888271,13.349261992507511
8,1298,32.32789637193309,1,388,971122,0.8714576670035874,13.148815448751154
8,1299,-31.259289264213294,2,286,971408,0.9059145368270941,13.273547537676938
8,1300,-2.8363872319459915,2,73,971481,0.8041474374189769,12.925389655648846
8,1301,45.59321797825396,1,217,971698,0.9128880209637128,13.04008692200832
8,1302,4.861473283403029,1,392,972090,0.9721031546288607,13.231690596561043
8,1303,-39.88614217936993,2,58,972148,0.9117502297820717,13.3060019591759
8,1304,42.9218614787751,1,136,972284,0.8509262263336602,13.235352898345274
8,1305,76.77348251180956,1,283,972567,0.8732011461426429,13.087589019600157
8,1306,31.32098178449087,1,371,972938,0.8890754308180026,13.206340007062229
8,1307,73.66861059673829,1,240,973178,0.9449003012229998,13.501813060045242
8,1308,-83.27788400650024,2,30,973208,1.0280871798594793,12.557828585306803
8,1309,52.16210946440697,1,119,973327,0.8737320233793819,12.894053751681032
8,1310,107.75494208163582,1,568,973895,0.9050531712111453,13.135132839142436
8,1311,-76.39409065246582,2,112,974007,0.9176468870469502,12.753843877996717
8,1312,40.37078899145126,1,65,974072,0.9070814366524036,13.032105739300068
8,1313,23.845397823992244,1,243,974315,0.8734451017262023,13.01677417755127
8,1314,-9.789305840386078,2,384,974699,0.9012595552485436,13.071712465335926
8,1315,51.690549611113966,1,297,974996,0.9151660839114526,13.119096961487022
8,1316,11.460215276572853,1,393,975389,0.8960899156316849,12.662688335389582
8,1317,44.31954730080906,1,182,975571,0.8971817549113389,13.042301722935267
8,1318,-13.732240173441824,1,356,975927,0.9414532170369384,12.925158313151156
8,1319,59.68027541611809,1,240,976167,0.8970835603773594,12.814141345024108
8,1320,12.73020937856927,1,411,976578,0.8434338839384761,12.962320072517487
8,1321,14.47956677826005,1,524,977102,0.963616828256436,13.007694048735932
8,1322,10.359160475898534,1,385,977487,0.9447118000550704,13.141055281750567
8,1323,-59.67621377110481,2,45,977532,0.8942477941513062,12.022948413425022
8,1324,-39.16208143532276,2,72,977604,1.0501141498486202,12.612532423602211
8,1325,3.517125918995589,1,233,977837,0.9725287140950625,12.96059106450224
8,1326,85.64379156858195,1,416,978253,0.854558436271663,12.777868819924501
8,1327,-63.93243468925357,2,178,978431,0.8957252792093191,12.557683266950457
8,1328,-3.7568276301026344,1,287,978718,0.8682215428726183,12.837808451170705
8,1329,-57.65183389186859,2,73,978791,0.8647922959229718,12.38603369830406
8,1330,21.239837702014484,1,168,978959,0.9469990506768227,12.968033188865299
8,1331,-66.13433844340034,2,277,979236,0.9315244542562574,12.787828519456223
8,1332,6.814017861441243,1,227,979463,0.9574494233215433,12.593183147749711
8,1333,-32.7825720831388,2,372,979835,0.8879465749186854,12.639231938187795
8,1334,-32.450407773954794,2,66,979901,0.8564145799839136,12.611631407882228
8,1335,60.47601308982121,1,253,980154,1.0409091948991707,12.839786169557232
8,1336,-37.10428648523521,2,336,980490,0.8876940783645425,12.727375232038044
8,1337,41.884117768961005,1,337,980827,0.8491185931848135,12.678761172365364
8,1338,-42.05608597397804,2,55,980882,0.9516549663110213,13.141235941106624
8,1339,-11.957460145000368,1,111,980993,0.8897261394036783,12.88277073593827
8,1340,68.88834499754012,1,262,981255,0.8399919256681704,12.639796897655225
8,1341,-22.363796204848768,1,461,981716,0.9005124227602415,12.739528115038757
8,1342,-54.512593368534,2,184,981900,0.9399412721395493,12.461656821810681
8,1343,56.0009290605085,1,249,982149,0.9641048270296381,12.525242299918668
8,1344,-1.0744156511500478,2,323,982472,0.8939181562547713,12.552329859128308
8,1345,72.51919733156683,1,309,982781,0.9378147612304749,12.559672448241596
8,1346,40.173360642045736,1,474,983255,0.934038862900392,13.020341809791855
8,1347,-82.49711066484451,2,36,983291,0.7538240535391701,12.472420454025269
8,1348,82.94568614824675,1,318,983609,0.933679795864993,12.457334425464365
8,1349,57.58072864549467,1,387,983996,0.9093550155637184,12.531583417601672
8,1350,-67.27181491535157,1,305,984301,0.9377521929193715,12.624778320750252
8,1351,-47.515120923519135,2,83,984384,0.7382938140128033,12.483509052230652
8,1352,3.0083543807268143,2,110,984494,0.842181657390161,12.361662422526967
8,1353,39.64545569822076,1,266,984760,0.9317233765259721,12.627310779757966
8,1354,-21.815721488324925,2,417,985177,0.8602055284045012,12.4733357715378
8,1355,-30.64921446434164,2,155,985332,0.8541948293485949,12.53161084267401
8,1356,-20.04407775751315,1,268,985600,0.9069985819619093,12.313441598593299
8,1357,-64.32308560609818,2,48,985648,1.163655302176873,13.009944498538971
8,1358,50.52523863482202,1,216,985864,0.9239019366602103,12.31913204546328
8,1359,-81.58458018302917,2,30,985894,0.8269031524658204,12.981294091542562
8,1360,94.5650165877305,1,274,986168,0.939777720692384,12.489720287114164
8,1361,-7.698902998119593,2,395,986563,0.9647673836237267,12.593215684045719
8,1362,63.2966510252445,1,277,986840,0.9548975815626688,12.470667553292285
8,1363,-38.15756015852094,2,79,986919,1.01525708014452,12.106220504905604
8,1364,23.54721102118492,1,30,986949,0.7652549425760905,12.997784360249836
8,1365,-354.89565896987915,1,440,987389,0.9104668233204972,12.607746279239654
8,1366,27.682003013032954,1,317,987706,0.9378634869864311,12.63321636302238
8,1367,-61.78199771698564,2,141,987847,1.025024412160224,12.303176961046583
8,1368,48.546952942269854,1,348,988195,0.9336740207569353,12.27167652804276
8,1369,7.008819426882837,1,425,988620,0.8757164270737592,12.503092150968664
8,1370,-40.586172022468986,2,165,988785,0.9949149232922179,12.87621811953458
8,1371,-36.92335401463788,2,145,988930,0.8307244091198362,12.64286906801421
8,1372,50.7599983875989,1,314,989244,0.9522321086590457,12.795459258328577
8,1373,-80.35065221786499,2,30,989274,0.886398196220398,12.33010754585266
8,1374,41.82723620533943,1,86,989360,0.9983245948719424,11.914314109225606
8,1375,66.91082699369872,1,250,989610,0.8196631170511246,12.424433864593507
8,1376,-48.13242878951132,2,110,989720,0.8935382943261754,12.018750702251088
8,1377,-0.3537698984146118,1,30,989750,0.8579868684212367,12.715710353851318
8,1378,26.57423101691529,1,280,990030,0.9851978044424738,12.329705275808061
8,1379,81.57743303128518,1,496,990526,0.8940547055174266,12.51223233774785
8,1380,-46.84531408548355,2,66,990592,0.8195017404628523,13.113726139068604
8,1381,55.77462704631034,1,313,990905,0.9250701374520128,12.249096146787698
8,1382,104.77197070480906,1,632,991537,0.9065705503844008,12.574483074719392
8,1383,44.3143158450257,1,288,991825,0.9196941204782989,12.462146835194694
8,1384,95.88449196238071,1,427,992252,0.9635052918969049,12.47219797933967
8,1385,54.56850113408291,1,450,992702,0.9523907962110307,12.186237653096518
8,1386,-36.609890482155606,2,101,992803,0.8235312449459983,12.061002320582324
8,1387,116.37973252264783,1,355,993158,0.8702313465971342,12.386269414928597
8,1388,-86.56001759477658,2,428,993586,0.9774351493220463,12.639463438051884
8,1389,41.266400580105255,1,329,993915,0.9524328848148914,12.22896872755242
8,1390,-82.4615409374237,3,30,993945,0.9027739614248276,11.635035514831543
8,1391,54.13318952918053,1,92,994037,0.8354877793918485,12.291929125785828
8,1392,-89.49629291763995,2,191,994228,0.9372595896583578,12.38574916280377
8,1393,38.263683017125004,1,262,994490,0.8960733436446153,12.410508534380497
8,1394,-59.82704314298462,2,371,994861,0.9176286098288718,12.212668262080683
8,1395,56.74049406463746,1,261,995122,0.9289779496375629,12.048658858770612
8,1396,27.07188456764561,1,438,995560,0.9527928932616699,12.36322712136186
8,1397,-52.221425564115634,2,259,995819,0.8885962834229341,12.259121689557109
8,1398,-19.14130388945341,2,84,995903,0.9516682777376402,11.94199680146717
8,1399,71.44455218820076,1,344,996247,0.900392550282007,12.160590727661932
8,1400,31.5230875805064,1,373,996620,0.8908648579593638,12.164542660956089
8,1401,-34.341043289750814,2,58,996678,1.0495639741420746,12.010898976490415
8,1402,-29.368606387637556,2,184,996862,1.0537403509344743,12.191034630588863
8,1403,-47.470247531775385,2,74,996936,1.0222399226717047,12.442154536376128
8,1404,71.07263446878642,1,308,997244,0.9250655867062606,11.95190543168551
8,1405,-70.09903612732887,2,60,997304,0.8743640551964442,12.145463077227275
8,1406,-6.23951855301857,1,208,997512,0.9513100291100832,12.209047704935074
8,1407,105.16228046175092,1,355,997867,0.8648468572488973,11.770785496268473
8,1408,-16.12904024994259,1,332,998199,0.9537545530551887,12.05057127360838
8,1409,-39.01557377749123,2,391,998590,0.9069169678956347,11.781553977590693
8,1410,-2.9602092504501343,2,83,998673,0.9211033568324813,12.35063949837742
8,1411,44.41729493997991,1,238,998911,0.8793405344506272,12.241458518164498
8,1412,18.359149310403154,1,549,999460,0.9328329107149052,11.956682215405726
8,1413,-50.54265668988228,2,42,999502,1.073970472528821,12.0175682363056
8,1414,21.736761395586655,1,159,999661,1.0426253554581095,11.972677770650611
8,1415,-82.22278380393982,2,30,999691,0.823730265100797,11.63278284072876
8,1416,-83.59225420522853,2,116,999807,1.0025604434054474,12.299073646808493
8,1417,-76.45406849379651,2,159,999966,0.9442266443240568,11.845038773878565
8,1418,-44.88791860546917,2,303,1000269,0.9726161584012186,12.108782451931793
8,1419,36.481676163559314,1,269,1000538,0.9809912524037202,11.982964876416004
8,1420,-58.156100985535886,2,384,1000922,0.869877484627068,12.17496466388305
8,1421,96.64721774263307,1,403,1001325,0.9133194133306556,11.836604051495309
8,1422,54.38601655722596,1,387,1001712,0.8558550640286093,11.91646450989006
8,1423,-80.56207174400333,2,423,1002135,0.9470384392191614,11.723692042889606
8,1424,-10.105738319456577,2,84,1002219,0.9892190907682691,11.453144235270363
8,1425,7.329603494436014,1,227,1002446,0.9015358114032493,11.859854070100491
8,1426,32.45235506258905,1,349,1002795,0.848812446126282,11.811741177195465
8,1427,-113.49867272103438,2,403,1003198,0.9492888790058439,11.752209546252457
8,1428,59.407416684000054,1,248,1003446,0.9376504606296939,11.810723798890267
8,1429,101.9112394355925,1,629,1004075,0.9271909221177639,11.5445498866762
8,1430,73.21400831500068,1,301,1004376,0.8729891045347005,11.517781837438033
8,1431,-60.35024631989654,2,507,1004883,0.9054732383238023,11.610601241771992
8,1432,74.12981328525348,1,341,1005224,0.9412191192076004,11.74730574070883
8,1433,22.24322351848241,1,550,1005774,0.9003334390033375,11.746483589952643
8,1434,1.5414150452706963,2,292,1006066,0.9113574901672259,11.518315780652712
8,1435,-27.097214616835117,2,109,1006175,0.8513264185791716,11.19371114958317
8,1436,51.89881049655378,1,282,1006457,0.8994632794501933,11.812163721585105
8,1437,-42.85809278488159,2,42,1006499,0.9851292087918236,11.314026276270548
8,1438,67.59889857470989,1,384,1006883,0.9487026374942312,11.59742895886302
8,1439,-89.66938345180824,1,656,1007539,0.8969856037235842,11.548415384278066
8,1440,-42.15048912721977,2,178,1007717,0.9319903398497721,11.397846787163381
8,1441,46.891659175627865,1,411,1008128,0.9782495545064736,11.432128786750663
8,1442,50.865228151204064,1,401,1008529,0.9088453217188913,11.221610898091608
8,1443,-319.0605581998825,2,250,1008779,0.8819241111278534,11.469755237579346
8,1444,49.51146525144577,1,79,1008858,0.8654371228399156,11.337852321093596
8,1445,-38.764751361799426,2,90,1008948,0.8437116589811113,11.110376177893745
8,1446,72.72203453225666,1,339,1009287,0.9041267636954609,11.436279308127794
8,1447,-1.4515317887999117,1,602,1009889,0.9690066655707914,11.299239085362203
8,1448,-39.874242378398776,2,60,1009949,0.7680127441883087,11.05009643236796
8,1449,65.59823857713491,1,254,1010203,0.9625219445763611,10.876322908898977
8,1450,-26.970939429360442,2,497,1010700,0.8653955403827805,11.116521402144096
8,1451,80.20803916174918,1,328,1011028,0.8961592611924905,11.425977298399298
8,1452,44.15194246615283,1,419,1011447,0.9532300241664942,11.142463532154201
8,1453,-79.80413007736206,2,30,1011477,0.8015979091326396,10.229417641957602
8,1454,97.37801875528385,1,385,1011862,0.8931797384441673,11.04836511921573
8,1455,64.79227788423304,1,396,1012258,0.9210302583647497,11.16806591038752
8,1456,-82.67861771583557,2,30,1012288,1.131521358092626,10.954698832829793
8,1457,80.74919243936893,1,305,1012593,0.9059185891854958,10.924765396118165
8,1458,-26.10789306112565,2,391,1012984,0.8849509222733091,10.712089551379309
8,1459,84.45416918490082,1,366,1013350,0.9174555816122743,11.070159952171513
8,1460,64.67861562551116,1,402,1013752,0.9130962493259516,10.778150681832537
8,1461,-50.61318276822567,2,76,1013828,0.8814044916316083,10.811195284128189
8,1462,140.12560021324316,1,451,1014279,0.8749197722802934,10.810392170946244
8,1463,-36.85177919524722,2,228,1014507,0.9346641163554108,10.574432726491962
8,1464,-59.701582713692915,2,164,1014671,0.8759939766875128,10.848236206101209
8,1465,-33.216016863589175,2,411,1015082,0.9343405140432418,10.82681834973268
8,1466,-16.106559230946004,2,72,1015154,1.0705376325382128,11.034392757548225
8,1467,71.43161125387996,1,303,1015457,0.9157449157521276,11.029025729339901
8,1468,-415.12843285501003,1,503,1015960,0.9291194435616373,10.438371429860473
8,1469,-82.96350240707397,2,30,1015990,1.1554872532685598,10.658817672729493
8,1470,-34.37117271916941,2,121,1016111,0.952810503234548,10.98012367752958
8,1471,-3.980152051895857,2,390,1016501,0.8683421265620451,10.802041485370733
8,1472,29.350416600704193,1,177,1016678,0.9671041014167548,10.997539953996906
8,1473,56.58988499734551,1,400,1017078,0.8603900377452374,10.606393712162971
8,1474,-62.302982956171036,2,37,1017115,0.8251743542181479,11.212197303771973
8,1475,47.267001742264256,1,332,1017447,0.8778786056012993,10.6089510903301
8,1476,-81.29053497314453,2,30,1017477,1.0878884712855021,11.298632780710856
8,1477,53.94418928097002,1,251,1017728,0.9368124841693863,10.94960220876443
8,1478,-16.371806553797796,2,267,1017995,0.9351982009991278,11.00469512595666
8,1479,30.737310789059848,1,369,1018364,0.844502679781539,10.523459688757816
8,1480,-77.02481985092163,3,30,1018394,1.0036156098047893,11.14773899714152
8,1481,-60.20862149079039,2,114,1018508,0.8399254028734408,10.494428860513787
8,1482,-31.33329350897111,2,142,1018650,1.013064462534139,11.121043235483304
8,1483,-75.20614253729582,2,109,1018759,0.9428319334983826,10.860846449475769
8,1484,65.26265273838362,1,352,1019111,0.8868306418034163,10.391764237122102
8,1485,-349.3578456044197,2,361,1019472,0.9864727247950112,10.485815089165008
8,1486,88.8545590378344,1,375,1019847,0.8834372243086497,10.537286315282186
8,1487,-52.668917157221586,2,74,1019921,0.9634146617876517,10.65463542293858
8,1488,54.24703717092052,1,333,1020254,0.89163759646115,10.475125990830385
8,1489,-36.54646980762482,2,31,1020285,0.8701840965978561,10.414059500540457
8,1490,109.74383419752121,1,192,1020477,0.9373115527754029,10.579527306059996
8,1491,12.002521643647924,1,512,1020989,0.9080515214591287,10.248798986431211
8,1492,60.19695252785459,1,420,1021409,0.8969006772552218,10.429168602398464
8,1493,-73.12591886520386,2,30,1021439,0.7812865902980168,9.823471546173096
8,1494,83.89092577208066,1,292,1021731,0.8389797090259317,10.45528616358156
8,1495,38.87946015922353,1,385,1022116,0.8922132547025556,10.464387346862198
8,1496,-75.58579301834106,2,30,1022146,0.9299652775128683,9.869359397888184
8,1497,66.07577582111116,1,351,1022497,0.9468937059413334,10.318454088988128
8,1498,-81.63956761360168,2,30,1022527,0.7518713295459747,10.497234678268432
8,1499,-2.209803515812382,1,69,1022596,0.9619723208572554,10.655288958895033
8,1500,-82.37745404243469,2,30,1022626,0.9135252883036932,10.726373449961345
8,1501,0.07309887639712542,1,228,1022854,0.9428548273025897,10.158877282289037
8,1502,-53.90857983101159,2,297,1023151,0.9318787556906742,10.350767110734676
8,1503,55.68827566219261,1,352,1023503,0.9375525643541054,10.51726134612479
8,1504,-6.876219871162903,1,469,1023972,0.9654019496588311,10.481750496923288
8,1505,-36.60226992459502,2,77,1024049,0.9323892922370465,10.421067076844054
8,1506,113.92010714928642,1,452,1024501,0.9327138461897858,10.259254985151038
8,1507,-0.6650239732698537,1,427,1024928,0.9432047347972209,10.325362027389383
8,1508,-64.31547963619232,2,60,1024988,0.9521888345479965,9.964425190289814
8,1509,-7.587141211668495,2,73,1025061,1.0617536285968676,10.05585868391272
8,1510,49.60755202756263,1,278,1025339,0.8340873769718966,10.096011639498979
8,1511,-19.02071673842147,2,365,1025704,0.8950803039825126,9.90791088914218
8,1512,80.71199003397487,1,307,1026011,0.895204841216923,9.969240144720295
8,1513,-58.81478479504585,2,60,1026071,0.9603041758139929,10.101267464955647
8,1514,26.972392559051514,1,30,1026101,0.8993708213170369,10.072147432963053
8,1515,-274.85733181238174,1,297,1026398,0.8579084033315832,9.587695535184558
8,1516,44.320794521365315,1,562,1026960,0.9098363129481726,9.901832891104485
8,1517,48.31712614442222,1,397,1027357,0.861874706498922,9.84255893524708
8,1518,-32.980344501796935,2,341,1027698,0.9285496303762508,9.89202479603004
8,1519,21.10734956525266,1,322,1028020,0.8565145677291088,9.874201709439296
8,1520,136.2554989709388,1,678,1028698,0.8961981399133142,10.035630239849597
8,1521,85.93321686552372,1,390,1029088,0.8774452178906171,9.798846000280136
8,1522,-52.28468842804432,2,84,1029172,0.8602812364697456,9.876353774751935
8,1523,78.55918645858765,1,155,1029327,0.8418926289004665,9.706031113286173
8,1524,44.54926119511947,2,384,1029711,0.9219489916382978,9.638483775779605
8,1525,-43.89914083480835,2,78,1029789,0.973673436886225,9.88116210546249
8,1526,63.046321569010615,1,265,1030054,0.9540263463866036,9.641871984949653
8,1527,28.067965201102197,1,613,1030667,0.9132819346366465,9.726512043161065
8,1528,-50.67599582672119,2,59,1030726,0.9099773552458165,10.129278910362114
8,1529,76.8460246892646,1,185,1030911,0.901328633121542,9.629485189592517
8,1530,-92.17104132537497,2,354,1031265,0.8775324915762002,9.733823443536705
8,1531,77.10561269414029,1,336,1031601,0.8262352706598384,9.535397258542833
8,1532,82.6128137833075,1,644,1032245,0.9577989502815727,9.822117448778627
8,1533,27.046259073453257,2,344,1032589,0.878185537232216,9.437446484038997
8,1534,-17.568076834082603,2,84,1032673,0.9906937614792869,9.347137029681887
8,1535,93.16524372436106,1,433,1033106,0.8574878810872657,9.38374588285803
8,1536,72.33511446992634,1,380,1033486,0.892779194210705,9.879425909644679
8,1537,70.89315211861685,1,411,1033897,0.9238395836666553,9.294724744021748
8,1538,-44.808981881302316,2,504,1034401,0.8170131525941311,9.376945333821434
8,1539,-207.54842703646136,2,272,1034673,0.887497485450962,9.312444837654338
8,1540,110.71939185867086,1,380,1035053,0.9097239764113175,9.672517664495267
8,1541,-29.461011518607847,2,269,1035322,0.9807874491666773,9.445193965195724
8,1542,69.85283695317048,1,329,1035651,0.9170274809682261,9.648635013487564
8,1543,11.300392334436765,2,453,1036104,0.8841727355589667,9.39926317722329
8,1544,8.272143909707665,2,296,1036400,0.9724160854679507,9.689453809647947
8,1545,-10.239603191614151,2,72,1036472,0.9506423821051916,9.46286424001058
8,1546,89.46936393203214,1,352,1036824,0.8310094779695977,9.303820854560895
8,1547,-104.1046872138977,2,30,1036854,0.842358480890592,8.6147176583608
8,1548,-13.35869062168058,2,78,1036932,0.786231470031616,9.952405422161787
8,1549,-20.791925156023353,2,399,1037331,0.9031752593684614,9.367661706188269
8,1550,-41.88077863107901,2,91,1037422,0.91280283672469,9.22090704886468
8,1551,41.7123009755378,1,339,1037761,0.8469109473678567,9.175445177562118
8,1552,67.50748486770317,1,388,1038149,0.8372075781226158,9.466269685435542
8,1553,-80.60494256019592,2,30,1038179,0.9969698945681255,8.880796798070271
8,1554,35.20922097808216,1,296,1038475,1.0043469255639088,9.394117109678888
8,1555,-87.82952281832695,2,73,1038548,0.8323216654666482,9.224479551184666
8,1556,-91.12563947564922,2,121,1038669,0.8812748321816941,9.411800902737074
8,1557,76.41776709444821,1,305,1038974,0.875988481767842,9.252217532376774
8,1558,121.0037539449113,1,581,1039555,0.8757387866456825,9.192845915558006
8,1559,-67.57180888316361,2,129,1039684,0.8518453018609867,9.41469626833302
8,1560,38.56719229884766,1,349,1040033,0.7645997560468307,8.887454677789464
8,1561,-81.60408878326416,2,30,1040063,0.8541270385185877,9.498592631022136
8,1562,29.539713084697723,1,30,1040093,0.8620520651340484,9.094155422846477
8,1563,56.71386936632916,1,397,1040490,0.930044821212514,8.845978418885911
8,1564,-58.1219297349453,2,36,1040526,0.9489379458957248,9.544578287336561
8,1565,-181.09994386788458,1,194,1040720,0.871021040014385,9.203622230549449
8,1566,61.677016230882145,1,312,1041032,0.8630656056488172,8.93286949625382
8,1567,-93.13840997492662,2,491,1041523,0.9726991787583182,9.09136172928781
8,1568,51.97019678738434,1,329,1041852,0.9187806665353861,9.297514832128508
8,1569,81.84430697065545,1,518,1042370,0.8571787339610022,8.977615960431375
8,1570,-50.83025512099266,2,66,1042436,0.8952132960160574,9.145173152287802
8,1571,-203.15602829947602,2,290,1042726,0.8798043247954599,9.013091406739992
8,1572,116.58034464344382,1,302,1043028,0.8857049558139005,8.923283332231028
8,1573,-89.88671040534973,2,30,1043058,1.0119835873444876,8.610510762532552
8,1574,3.577452301979065,2,72,1043130,0.7779512475762103,8.84367322590616
8,1575,64.07947858481202,1,425,1043555,0.9516323757171631,9.044805792079252
8,1576,88.12271706137108,1,453,1044008,0.8528393491214474,8.957166771488737
8,1577,-44.76024420931935,2,60,1044068,0.9991712192694346,9.123033181826274
8,1578,71.50629713758826,1,286,1044354,0.8579220204920202,9.002635783665664
8,1579,-110.88278338761302,2,504,1044858,0.9513901595085387,8.987983147066737
8,1580,77.98705378500745,1,314,1045172,0.8790693029666402,9.018563100486803
8,1581,-444.1066642254591,1,449,1045621,0.930853401764995,8.666542977692025
8,1582,-43.2940624281764,2,98,1045719,0.8844893453072529,9.039143348226743
8,1583,67.76520589902066,1,319,1046038,0.8537572265418719,8.680932142144087
8,1584,60.73881982412422,1,444,1046482,0.875258240143995,8.858659700230435
8,1585,-160.28152009099722,2,122,1046604,0.943684960486459,9.080328437148548
8,1586,73.35796051798388,1,364,1046968,0.904171890937365,8.780480873781245
8,1587,-93.35810133814812,2,78,1047046,0.9276212129073266,8.818020585255745
8,1588,81.08082122541964,1,222,1047268,0.8724780508258321,8.721574286082843
8,1589,-60.3965599834919,2,66,1047334,0.8024582781574943,8.974354686159076
8,1590,-24.724140311824158,2,84,1047418,0.9189763966770399,8.798718923614139
8,1591,42.117905193706974,2,422,1047840,0.8844508849331553,8.905298372580543
8,1592,-10.427133075892925,2,78,1047918,0.9182563286561233,8.178121802134392
8,1593,71.75315901322756,1,363,1048281,0.944251077973153,8.727598839226504
8,1594,35.36064490134595,1,431,1048712,0.9222390987756911,8.695338782744175
8,1595,-38.86534567800118,2,278,1048990,0.9232880482785135,8.447134650868477
8,1596,-44.28749751963187,2,72,1049062,1.0489951881269615,8.923640466398663
8,1597,80.45562438596971,1,475,1049537,0.9612583548771708,8.683053004365219
8,1598,75.10244578949641,1,441,1049978,0.9021028322157135,8.82114226585613
8,1599,-102.2598975757719,2,292,1050270,0.8296239306665447,8.53363652139494
8,1600,50.277741470956244,1,320,1050590,0.8242926394566894,8.731479467451573
8,1601,-19.298059205058962,2,515,1051105,0.8809947018484467,8.620257492204315
8,1602,78.81704237509985,1,360,1051465,0.8904281077285607,8.760263148446878
8,1603,31.09738572637434,1,428,1051893,0.8812126875202232,8.473965774072665
8,1604,-57.312995468702866,2,317,1052210,0.8355868745489451,8.330073696581723
8,1605,-49.15859842766076,2,79,1052289,0.9627001447768151,8.763324209406406
8,1606,74.79240303114057,1,307,1052596,0.9235638596530069,8.624987098992065
8,1607,65.37719908473082,1,489,1053085,0.9478302082401112,8.440515150565554
8,1608,-88.34530714154243,2,42,1053127,0.9884117188907805,8.561917089280628
8,1609,41.56741748796776,1,284,1053411,0.9058763923149713,8.537332791257912
8,1610,37.21701682929415,1,422,1053833,0.8740406147252892,8.45424994572079
8,1611,-89.02959695536993,2,277,1054110,0.8569412589718719,8.637610927170364
8,1612,-16.149546265602112,2,90,1054200,0.8218660434087117,8.273747762044271
8,1613,-8.070599460974336,2,367,1054567,0.937224007351197,8.444184846384324
8,1614,10.45118698477745,2,72,1054639,0.8029579470554987,8.28220581677225
8,1615,62.55788815690903,1,398,1055037,0.9138046920149769,8.413493845930052
8,1616,-28.790331789525226,2,146,1055183,0.9127856721616772,8.743708525618462
8,1617,21.951489632949233,1,302,1055485,0.8769711221488107,8.299166227413329
8,1618,-65.55093133449554,2,30,1055515,0.7886803627014161,8.869834431012471
8,1619,75.10238142800517,1,334,1055849,0.8670203950769173,8.572761240119705
8,1620,55.27351983007975,1,425,1056274,0.8638283926599166,8.231249222895679
8,1621,-141.63039149879478,2,433,1056707,0.8523222933465283,8.288851861039706
8,1622,59.07890523970127,2,259,1056966,0.9104836251744892,8.147075005019493
8,1623,87.1250981267076,1,228,1057194,0.8944447741173861,8.50655620819644
8,1624,-74.18949640821666,2,336,1057530,0.9201731732381242,8.188561129960275
8,1625,98.81506759061085,1,451,1057981,0.8677901280692835,8.26010662198331
8,1626,92.91105798978242,1,564,1058545,0.9346678225283928,8.209836670270203
8,1627,-13.391699515341315,2,403,1058948,0.8715645947468192,8.120177774216343
8,1628,-1.6975686848163605,2,77,1059025,0.8610128199125265,8.13100499456579
8,1629,-47.77366396749858,2,185,1059210,0.9131101009008047,8.361114959459048
8,1630,-30.233704607002437,2,61,1059271,1.089995351971173,8.078714980453741
8,1631,70.03726648187148,1,378,1059649,0.8568183198650047,8.150027304414719
8,1632,78.69525130826514,1,411,1060060,0.9409654166576636,8.183731532154873
8,1633,-77.46656084060669,2,30,1060090,0.7874744733174642,7.641393701235454
8,1634,84.18735989229754,1,354,1060444,0.8384477841315296,8.023569482447064
8,1635,-39.55115421436494,3,234,1060678,0.8988290315764582,8.081081795132059
8,1636,25.947907149791718,2,139,1060817,0.8453525304794312,8.452525349829694
8,1637,71.33054960193112,1,282,1061099,0.868650198299834,8.013417271434838
8,1638,48.60092333104694,1,427,1061526,0.8449127285346494,7.987467788700756
8,1639,71.8233125318634,1,355,1061881,0.9498524341784732,7.959012720282649
8,1640,-23.58254147824482,2,418,1062299,0.8502609125164707,7.990204109814749
8,1641,117.67356545012444,1,370,1062669,0.9144771812735377,7.928071266412735
8,1642,79.12480572455388,1,425,1063094,0.9021885525479036,8.095819257848403
8,1643,-70.80306711792946,2,83,1063177,1.0019734099686863,8.124552298741168
8,1644,101.56203619018197,1,381,1063558,0.8851981967922271,7.885927022442105
8,1645,-81.40676164627075,3,30,1063588,0.8573026289542516,8.278459473450978
8,1646,-23.72968776524067,2,90,1063678,0.9696179111798604,7.771573996543884
8,1647,29.581811978154292,1,358,1064036,0.9303345922484744,8.029903650949787
8,1648,56.19407440892246,1,405,1064441,0.8591305890201051,7.9362862400066705
8,1649,-31.08932079002261,2,55,1064496,1.0467686582695355,7.846351276744496
8,1650,90.46817330783233,1,324,1064820,0.911273563257706,7.913372348488113
8,1651,-17.260761044337414,2,383,1065203,0.8540729363655608,7.685601986419439
8,1652,70.1207953998819,1,317,1065520,0.952444439712759,8.08164616751746
8,1653,20.790207215119153,1,550,1066070,0.8904242385517467,7.84361067685214
8,1654,-53.049284888693364,2,416,1066486,0.8362770718164169,7.818393296920336
8,1655,-16.564930468797684,2,78,1066564,0.8229065464857297,7.856365537032103
8,1656,-37.29478969621414,2,198,1066762,0.8512751065721416,8.02990992442526
8,1657,-38.41231942595914,2,78,1066840,0.8786908521866187,7.867851712764838
8,1658,41.23270606726874,1,323,1067163,0.8340457383508653,7.958978070563207
8,1659,-42.49159759224858,2,98,1067261,0.8964738423118785,8.0553850470757
8,1660,30.1706782579422,1,30,1067291,0.8621420274178188,7.330898722012837
8,1661,-102.57799292274285,2,145,1067436,0.9045684218406678,7.9181095534357535
8,1662,-31.7074471374508,2,72,1067508,0.769996355391211,8.427418811453713
8,1663,94.38270790124079,1,457,1067965,0.9072384567568548,7.638308677031644
8,1664,79.02452018405165,1,465,1068430,0.8794045867458467,7.838745805845465
8,1665,-107.52081432644627,2,416,1068846,0.8243842884325064,7.729398033366754
8,1666,-59.28818252682686,2,92,1068938,0.8397108277548915,7.574379747328551
8,1667,89.37557206486235,1,413,1069351,0.9088535974158501,7.771864884413472
8,1668,-80.20109629631042,2,30,1069381,1.0296728263298671,7.627925650278727
8,1669,54.57376530766487,1,78,1069459,0.8734015872081121,7.651498956558032
8,1670,-15.962616957578575,2,317,1069776,1.0037776460218881,7.894097691454722
8,1671,5.3785586059093475,2,76,1069852,0.9828303017114338,7.3601381904200505
8,1672,-37.5129910337273,2,121,1069973,0.8861583358000132,7.480856614171966
8,1673,-52.25958373397589,2,148,1070121,0.9779622033238411,7.616149793202813
8,1674,-31.551122741773725,2,72,1070193,0.7977664739721351,7.797368023130629
8,1675,99.27706286427565,1,372,1070565,0.8824497326727836,7.652750862862474
8,1676,56.57332101673819,1,430,1070995,0.8498804597660553,7.632367400374523
8,1677,-27.019226114207413,2,346,1071341,0.9196590787241224,7.5102855818120045
8,1678,-78.74724066257477,2,92,1071433,0.875386708456537,7.253589359314545
8,1679,73.76290415320545,1,323,1071756,0.9104419080281037,7.707698895097148
8,1680,18.448060964641627,1,436,1072192,0.857726621928565,7.690370887244513
8,1681,36.96254727050291,1,535,1072727,0.847542319787997,7.829181283879503
8,1682,34.04728337971028,1,520,1073247,0.8349571235477924,7.555965675528233
8,1683,-81.15454745292664,2,30,1073277,0.977426944176356,7.645706860224406
8,1684,85.49467671941966,1,293,1073570,0.8201663607013103,7.63858027995243
8,1685,36.62111915220157,1,467,1074037,0.8766392397293442,7.6198548988560795
8,1686,-82.93905282020569,2,30,1074067,0.869493818283081,7.249719429016113
8,1687,70.49720681575127,1,302,1074369,0.8623231585254733,7.571745469475424
8,1688,28.660227561718784,1,502,1074871,0.9046551940806833,7.726831009900902
8,1689,-337.44752041995525,1,470,1075341,0.8292560492424255,7.565139173827273
8,1690,86.8387631495134,1,622,1075963,0.9256805326681812,7.521898651429694
8,1691,-142.29143212002236,2,131,1076094,1.0060616017297934,7.827701024426759
8,1692,-22.06593399756821,2,396,1076490,0.9007160440087318,7.5611413991586724
8,1693,20.134115040302277,2,114,1076604,0.8176472283769072,7.99052005274254
8,1694,89.65020137571264,1,412,1077016,0.8576537942857418,7.621724640570798
8,1695,-4.340719662606716,1,415,1077431,0.9066028830516769,7.57482664470213
8,1696,-79.74337553977966,2,30,1077461,0.8669559021790822,6.691407958666484
8,1697,85.22873224038631,1,293,1077754,0.8313155891341968,7.461520776406897
8,1698,28.959921910711273,1,524,1078278,0.9088425823409139,7.6674338467703524
8,1699,-42.19228997081518,2,65,1078343,0.9640795134581053,7.338501842205341
8,1700,-96.64790591597557,2,110,1078453,0.9217334964058616,7.353334134275263
8,1701,30.778065044316463,1,422,1078875,0.8751626680671322,7.260115091128372
8,1702,-77.96919345855713,2,30,1078905,0.9757176061471303,7.308374691009521
8,1703,-0.9387774169445038,1,165,1079070,0.8300210353099938,7.025724414261904
8,1704,108.49881614232436,1,391,1079461,0.8794358463391013,7.463885942078613
8,1705,78.40049790928606,1,420,1079881,0.8909237590574083,7.382228474673771
8,1706,38.63425628216646,1,445,1080326,0.8318063839767756,7.406320698073741
8,1707,1.0542316590435803,1,666,1080992,0.910281443828577,7.2668951281735135
8,1708,-369.33135448396206,1,472,1081464,0.8644276952086869,7.509912057448242
8,1709,-51.239058673381805,2,46,1081510,0.756478682808254,7.181936896365622
8,1710,29.485290501266718,1,311,1081821,0.9498740136623383,7.475482426847292
8,1711,78.48982910433551,1,450,1082271,0.907006871898969,7.30868665628963
8,1712,-64.16070004654466,2,146,1082417,0.9906288242503388,7.185843165606668
8,1713,-61.76086736470461,2,111,1082528,0.9655674534874994,7.530593337239446
8,1714,-35.91061800243915,2,123,1082651,0.7315037109987522,6.995504068165291
8,1715,-59.4831704236567,2,141,1082792,0.8650076981131912,7.225234443414296
8,1716,-34.76263780210866,2,105,1082897,0.9979265644436791,7.18143637293861
8,1717,89.9645646342542,1,374,1083271,0.9304383686360191,7.105899684888156
8,1718,-79.24315732717514,2,84,1083355,0.8889809765276455,7.458751328644299
8,1719,63.78476196527481,1,107,1083462,0.8858883043872976,7.7434870177340285
8,1720,-29.33244888484478,2,42,1083504,0.9878245734033131,7.355044291132972
8,1721,10.397195058059879,1,271,1083775,0.8917993715108541,7.3843067391772115
8,1722,41.81304631182138,2,449,1084224,0.8705893185462612,7.23333460995243
8,1723,21.538187401602045,1,211,1084435,0.8454412661175027,7.4947218070098005
8,1724,-56.777277615939965,2,343,1084778,0.9253623340463499,7.135797352815161
8,1725,75.83088388107717,1,283,1085061,0.9316512132491324,7.400799117113592
8,1726,-31.37259954214096,2,31,1085092,0.7361660234389766,7.19962646884303
8,1727,75.5701105594635,1,141,1085233,0.8598815042076381,7.230312224820996
8,1728,-79.50088119506836,2,30,1085263,0.978003607193629,7.008356666564941
8,1729,36.61588552752801,1,273,1085536,0.8625467516782083,7.305344855610704
8,1730,-136.16088773310184,2,290,1085826,0.9674158436471019,7.579580590848265
8,1731,-43.64571613818407,2,121,1085947,0.9077104179819754,7.405865253003175
8,1732,47.623584558605216,2,390,1086337,0.9251727634515517,7.312366298223153
8,1733,53.70357778976904,1,301,1086638,0.7921972420326499,7.12682151735027
8,1734,-78.89225268363953,2,30,1086668,0.9362345655759176,7.807411352793376
8,1735,3.153738096356392,1,163,1086831,0.9009220737255424,7.720349883374992
8,1736,65.97614855214488,1,390,1087221,0.8537489129946783,7.298519868881274
8,1737,-79.500807762146,2,30,1087251,0.7475425024827321,6.494419050216675
8,1738,26.759737968444824,1,30,1087281,1.0248406688372294,7.608967018127442
8,1739,56.63343719531258,1,342,1087623,0.9419904080225013,7.1222731547746045
8,1740,-120.40107576746959,2,304,1087927,0.964090200533208,7.12128366961291
8,1741,-26.796358317835256,2,70,1087997,0.8891233418669019,7.3345805815288
8,1742,71.42232610337669,1,312,1088309,0.8342970194151769,6.991822166702686
8,1743,21.932631916250102,1,509,1088818,0.8977385770478277,7.122049513289409
8,1744,7.750473174150102,1,383,1089201,0.9659590894653032,7.035687906001318
8,1745,-40.33861763367895,2,53,1089254,0.9447138714340498,7.619444437746732
8,1746,68.94740219693631,1,227,1089481,0.9123718009908819,7.345540912665984
8,1747,32.39856784095173,1,393,1089874,0.9185225450962251,7.0178880997893165
8,1748,-16.280465360323433,1,407,1090281,0.9753217940980737,7.227433697890298
8,1749,-137.32204298322904,2,290,1090571,0.8700553946453949,7.328122873552914
8,1750,60.00907928158995,1,370,1090941,0.8845089214879114,7.1513935681935905
8,1751,80.60128883557263,1,437,1091378,0.9075347884841587,7.043923988904233
8,1752,-82.20990252494812,2,30,1091408,0.979706197977066,6.464616982142131
8,1753,84.33734272746369,1,306,1091714,0.9127353028534284,7.292049519376817
8,1754,39.252853947895346,1,469,1092183,0.8695509276791676,7.161773533582179
8,1755,-16.83187309803907,2,452,1092635,0.9053410094528072,7.105088139793514
8,1756,-91.89985072612762,2,86,1092721,0.8787805337545483,7.210898221925247
8,1757,74.15512477554148,1,331,1093052,0.9654697125771975,7.042075123131455
8,1758,-47.42385184764862,2,31,1093083,0.9967365639825021,7.176973785123518
8,1759,-6.589591205120087,2,96,1093179,0.8605494073902568,6.866133282581965
8,1760,60.568744278280064,1,342,1093521,0.8507038374044742,7.311495848566468
8,1761,-83.71362900733948,3,30,1093551,0.774587994813919,7.817639176050822
8,1762,-37.59764974564314,2,85,1093636,0.8241070806980133,6.349586420900682
8,1763,63.179584892932326,1,308,1093944,0.9085624679536014,7.126905996497575
8,1764,-59.7783300280571,2,60,1094004,0.7422134310007096,6.916104031602542
8,1765,-56.140007853507996,2,66,1094070,0.9916956221515482,7.505658543471134
8,1766,-44.92280325293541,2,61,1094131,0.8138659786982615,7.745326251280113
8,1767,86.33608293440193,1,323,1094454,0.8425524844658264,6.854065523059006
8,1768,-166.92855505645275,2,303,1094757,0.9709005280099686,7.213791511633215
8,1769,2.9199282974004745,1,30,1094787,0.9097715198993683,7.323872939745585
8,1770,74.2336873144377,1,323,1095110,0.8595970610716025,7.156004790920222
8,1771,-189.98860114067793,2,409,1095519,0.8903773385475784,7.303518042879174
8,1772,-3.4751643389463425,1,172,1095691,0.9705874251071797,7.216861986836721
8,1773,7.424920177363674,2,248,1095939,1.022494982447355,7.10660825958175
8,1774,-23.86202867119573,2,60,1095999,0.8911243518193562,6.8243650019168856
8,1775,69.3697094367817,1,290,1096289,0.8820915228333966,6.6617068496243705
8,1776,-21.667642915883334,2,441,1096730,0.8764265374261506,6.9309380978954085
8,1777,62.27247892296873,1,331,1097061,0.9565701350524707,7.150804263227296
8,1778,-70.47760081291199,2,59,1097120,0.9071363796622066,6.876520851911125
8,1779,-0.7927893698215485,1,30,1097150,0.8547822932402293,6.834442011515299
8,1780,50.877298999752384,1,360,1097510,0.9404515327678786,7.050499071346389
8,1781,70.3624899429633,1,429,1097939,0.8837603481360526,6.77534289182205
8,1782,111.16549483255949,1,567,1098506,0.8970818669917933,6.902157724166463
8,1783,78.61317411600612,1,410,1098916,0.9143314179850788,6.753818912477028
8,1784,-37.97367027401924,2,71,1098987,0.785159385120365,6.763178008542934
8,1785,70.9373769867234,1,337,1099324,0.9247644915955711,7.0360801823061365
8,1786,-69.15553626418114,2,43,1099367,0.8347010383772295,6.500197998313016
8,1787,12.231653422117233,2,74,1099441,0.8393493810215512,6.834566034175254
8,1788,82.63930023729336,1,339,1099780,0.9105572457862111,6.969713220993678
8,1789,25.124308029189706,1,469,1100249,0.9258486028673298,6.635757004973223
8,1790,-33.40933687076904,2,78,1100327,0.9282569147837467,6.16317867850646
8,1791,69.7232866869308,1,309,1100636,0.9259340013693838,6.54944947082248
8,1792,-66.991609364748,2,69,1100705,0.9476423647956572,6.501970697140348
8,1793,31.69424656033516,1,33,1100738,0.8760587058284066,6.655849834283193
8,1794,-29.977796622111782,2,125,1100863,0.9764693562984467,6.783979163646698
8,1795,-33.176906967535615,2,74,1100937,0.8544557751030535,6.351083353564546
8,1796,82.41673153510783,1,346,1101283,0.852301609653958,6.495945324442979
8,1797,49.77300990448566,1,378,1101661,0.910406026890669,6.750263673918588
8,1798,-95.26708281040192,2,66,1101727,0.8476121506907723,6.843048812765064
8,1799,-80.04924449324608,2,90,1101817,0.8710505442486869,6.462591689162784
8,1800,52.04336657212116,1,300,1102117,0.9411974468827248,6.562348998785019
8,1801,51.62626915599685,1,502,1102619,0.8959870205457467,6.367149267479243
8,1802,-17.465212122770026,2,284,1102903,0.812141330834006,6.35291209008912
8,1803,-8.464729726314545,2,97,1103000,0.902569196887852,6.651244830532172
8,1804,69.5205856114626,1,386,1103386,0.8903509780687372,6.431975195136095
8,1805,81.35059451067355,1,403,1103789,0.9163834255918971,6.4130829739807265
8,1806,-32.2803837028041,2,123,1103912,0.8361850989058734,6.872230200263543
8,1807,-23.663191531217308,2,66,1103978,1.0031024100202504,6.582537540883729
8,1808,46.903105275239795,2,360,1104338,0.8015612379544311,6.4119957873390785
8,1809,-31.318497013300657,2,61,1104399,0.9928455582407655,6.730686729071571
8,1810,78.68350348761305,1,308,1104707,0.9021468055132148,6.477835768229001
8,1811,-71.02770283818245,2,76,1104783,0.7989129855444557,6.6365683698340465
8,1812,43.38724082708359,1,55,1104838,0.749711350961165,6.080262141877955
8,1813,-15.87216593674384,2,324,1105162,0.902840804722574,6.673368921434438
8,1814,58.93351233005524,1,88,1105250,0.9872287477959286,6.230390744453127
8,1815,-155.4237871170044,2,103,1105353,0.8861340834099112,6.382736231516866
8,1816,72.8357781264931,1,264,1105617,0.969434388433442,6.253622960412141
8,1817,-109.09643441438675,2,226,1105843,0.9632648240148494,6.321841869206555
8,1818,-43.53344193100929,2,60,1105903,1.0538309261202812,6.613595340649287
8,1819,-38.18820950598456,2,159,1106062,0.8080481586966125,6.159840029365611
8,1820,15.036167773621855,2,343,1106405,0.8978560070776036,6.3120552480394565
8,1821,62.34481758173206,1,339,1106744,0.8595062130320389,6.368214348512414
8,1822,-69.6543301641941,2,51,1106795,0.9211127004202675,6.0532354443681005
8,1823,33.853245079517365,1,30,1106825,0.8222726255655288,6.135592063268025
8,1824,-113.94503545761108,2,74,1106899,1.0292593192409825,6.425930077965195
8,1825,94.66866144910455,1,358,1107257,0.8922685427206188,6.125089232648551
8,1826,56.0215989483404,1,360,1107617,0.884775472432375,6.256549951434136
8,1827,-72.46403991058469,2,96,1107713,1.0066304178908467,6.70582177489996
8,1828,-75.37086527922656,2,85,1107798,1.0631988946129294,6.267922243651221
8,1829,86.58152003120631,1,314,1108112,0.930305666035148,6.351864336592377
8,1830,39.8329964641016,2,479,1108591,0.9294980645553055,6.2383795090657435
8,1831,47.623993550107116,1,309,1108900,0.9239434598911928,6.09921821054903
8,1832,9.903244844463188,1,469,1109369,0.8555916559848704,6.181351355398133
8,1833,2.1165780208884826,3,350,1109719,0.8819757771492004,6.035087306158883
8,1834,-27.777794674038887,2,84,1109803,0.8604461440727824,5.767898932808921
8,1835,68.57975610997528,1,339,1110142,0.9571483915885993,6.168175711920128
8,1836,-37.089556758408435,1,399,1110541,0.8915379744275171,6.023633282136798
8,1837,-53.45284077525139,2,54,1110595,0.9086301795862339,5.621823772236153
8,1838,-47.42475900053978,2,84,1110679,0.9010869775499616,6.1237184547242665
8,1839,2.4971157325198874,1,338,1111017,0.9018022924132602,5.862234809783083
8,1840,-8.270281159238948,1,447,1111464,0.9135456691919024,5.9605110622359065
8,1841,-86.61251974105835,2,30,1111494,0.9856395641962687,5.5626084486643474
9,1801,106.55287086963654,1,126,1102243,1.3382288392574069,7.404955048409719
9,1802,-93.13651520013809,2,129,1102372,0.8980713537497114,6.24104379683502
9,1803,43.5475475974381,1,256,1102628,0.9526628790190443,6.311813896871172
9,1804,-27.995445575972553,1,524,1103152,0.8824689569136569,6.274205128200181
9,1805,22.862409963272512,1,389,1103541,0.8663444597187876,6.17894545174503
9,1806,-121.71547360694967,2,420,1103961,0.9576073507467906,5.984120393367041
9,1807,-42.612870135111734,2,151,1104112,0.982745762692382,6.246593478499659
9,1808,9.556577590759844,1,391,1104503,0.8487621841528227,5.975827898820648
9,1809,-78.79671287536621,3,30,1104533,1.119249669710795,5.351213498910268
9,1810,42.80056348443031,1,71,1104604,0.864650633553384,6.215160118022435
9,1811,31.76190555660287,1,327,1104931,0.8354741278409229,5.868112832125538
9,1812,21.404468905064277,1,486,1105417,0.9598662275591014,5.947989526047628
9,1813,-56.91336693802441,1,490,1105907,0.9063736945998911,5.851335165147879
9,1814,-66.97556407889351,2,233,1106140,0.9225293152322074,5.646735549356804
9,1815,-57.716299414634705,2,88,1106228,0.8575529053129933,6.092617361383005
9,1816,-4.760547578451224,1,186,1106414,0.8721949470940457,6.073666946862334
9,1817,6.928093760507181,1,335,1106749,0.90989408039335,5.669016319869169
9,1818,-80.3368775844574,2,30,1106779,0.7646561046441396,5.752284773190817
9,1819,65.46472153346986,1,169,1106948,0.9035497471778351,5.778064372976856
9,1820,-91.56777571886778,2,357,1107305,0.9333114719190517,5.832266751457663
9,1821,-68.14989632740617,1,236,1107541,0.9767367202094046,5.704812796944279
9,1822,-17.50569822906982,1,401,1107942,0.9212712058402653,5.922026490332777
9,1823,-76.89034536480904,2,40,1107982,0.8390608251094818,6.0611402779817585
9,1824,69.90503939148039,1,286,1108268,1.007378758979844,6.019621601471534
9,1825,-82.20569631457329,2,75,1108343,0.9001793162027995,6.1950319679578145
9,1826,6.630532760173082,1,30,1108373,1.2063772002855937,6.047694532076518
9,1827,13.646549191296799,1,322,1108695,0.906915449670383,5.666903360660032
9,1828,-78.47167897224426,2,30,1108725,1.0207835992177328,5.5832412083943685
9,1829,-18.631911009550095,2,81,1108806,0.9259934406957508,5.819063114531247
9,1830,32.88888760097325,1,332,1109138,0.8957956615521248,5.56241444282862
9,1831,-69.3763057589531,2,71,1109209,0.8533860696873194,5.859712995273966
9,1832,-1.7110477983951569,1,30,1109239,1.0582197149594625,6.4902253945668535
9,1833,-166.8476264476776,2,147,1109386,0.8271844918225087,6.114008304415917
9,1834,34.83868506341241,1,224,1109610,0.9453931352389711,5.722387985193303
9,1835,-1.6304110738565214,1,373,1109983,0.9646045640710212,5.963115604569381
9,1836,-119.9376425743103,2,51,1110034,0.8766863842805227,5.8090623313305425
9,1837,27.553458309033886,1,234,1110268,0.8759119784475392,5.557867105190571
9,1838,11.475722516421229,1,314,1110582,0.8925781155088145,5.888428175050741
9,1839,33.86637837304443,1,298,1110880,0.9678543302036772,5.776532580088449
9,1840,-77.2839474529028,2,50,1110930,0.8907059442996978,6.082836067676544
9,1841,2.432924805674702,1,350,1111280,0.9142420881135123,5.733381960391998
9,1842,36.020106905605644,1,381,1111661,0.9031783859404366,5.728539586536527
9,1843,-80.47866153717041,2,30,1111691,0.9824310431877772,5.364337587356568
9,1844,-62.41737214103341,2,87,1111778,0.9744065314873882,5.8267199732791415
9,1845,22.859986916184425,1,267,1112045,0.9078709729825066,5.746308082051938
9,1846,40.12355784067768,1,164,1112209,0.9157379565805923,5.820285017897443
9,1847,-81.77444219589233,3,30,1112239,0.804135458668073,6.3036627491315205
9,1848,-88.5841417312622,2,76,1112315,0.8953044014541727,5.65249607751244
9,1849,31.868147640721872,1,211,1112526,0.9222792964693495,5.595453754844259
9,1850,-43.22141898670816,1,451,1112977,0.9192961486110137,5.768729533099811
9,1851,-71.75543308258057,3,30,1113007,1.0662167390187582,5.696414752801259
9,1852,-37.90150837600231,2,63,1113070,0.8608366586859264,5.9506774459566385
9,1853,30.733001427957788,1,175,1113245,0.9232084969111851,5.759136458805629
9,1854,-59.85943761467934,2,30,1113275,0.9742004781961441,5.945767641067505
9,1855,25.931848872452974,2,145,1113420,0.9735436682043405,5.703546018436037
9,1856,-45.94765679584816,2,75,1113495,0.8508538484573365,6.031657326221466
9,1857,28.242921299650334,1,207,1113702,0.9522394490414772,5.811088537248437
9,1858,-14.179036401561461,2,308,1114010,0.9071106161777075,5.787329901154939
9,1859,35.14356916467659,1,253,1114263,0.8538289720361883,5.358420888779191
9,1860,-57.78480145521462,2,171,1114434,1.0340259943092078,5.723675895416946
9,1861,-15.30708790148492,2,241,1114675,0.9261358879908487,5.209176915809821
9,1862,42.37485113739967,1,77,1114752,0.9087163434400187,5.712537896323513
9,1863,-6.2410117645486025,2,194,1114946,0.8722614086780351,5.629359401992915
9,1864,13.928222537011607,1,75,1115021,0.797021731932958,5.527266715367635
9,1865,-83.71041989326477,2,30,1115051,0.7894560118516286,5.462583124637604
9,1866,48.75666316226125,1,182,1115233,0.8661768420056982,5.932416510450971
9,1867,-24.45433048484847,1,269,1115502,0.9606388919193949,5.755607662369328
9,1868,-83.27846121788025,2,30,1115532,0.921608391404152,5.231224719683329
9,1869,38.07311323611066,1,148,1115680,0.9121610429641362,6.078412510253288
9,1870,11.462505376606714,1,204,1115884,0.8828405869357726,5.607130556714301
9,1871,44.13501621305477,1,450,1116334,0.940836081703504,5.252085841960377
9,1872,-41.36537875048816,2,30,1116364,1.142666608095169,5.917010998725891
9,1873,35.625584504858125,1,139,1116503,0.9114361452541763,5.510191483892125
9,1874,41.57630138553213,1,432,1116935,0.9200139188518127,5.397158321131159
9,1875,-24.06959901092341,2,75,1117010,0.9470871126651764,5.237283792495727
9,1876,-63.6556438729167,2,88,1117098,0.8677436052398249,5.61686603047631
9,1877,17.47322360740509,1,269,1117367,0.9404681730447648,5.589938525816765
9,1878,39.43733770539984,1,253,1117620,0.8507250141013752,5.528637145347746
9,1879,-72.005784034729,2,30,1117650,0.8704768876234691,5.653321615854899
9,1880,33.15246049128473,1,165,1117815,0.8794879571958022,5.405256032401865
9,1881,-35.087014641350834,2,113,1117928,0.926371316994186,5.225152312126835
9,1882,47.385974653065205,1,88,1118016,0.8810668777335774,5.371816475960341
9,1883,-69.99029259569943,1,370,1118386,0.9055112239476797,5.300413489341736
9,1884,-101.8924863319844,2,269,1118655,0.9600912396792586,5.3294607852914515
9,1885,24.697009078692645,1,201,1118856,0.8868413297691156,5.418069046231644
9,1886,-48.117404274176806,2,308,1119164,0.8890062923748772,5.388379149816253
9,1887,39.848312983120195,1,180,1119344,0.9185718761550056,5.651049812469218
9,1888,-7.8017891448689625,2,372,1119716,0.9429012067535872,5.458198261837805
9,1889,40.50319931656122,1,89,1119805,0.9655982359741511,5.311186736219384
9,1890,-86.2552580833435,2,30,1119835,0.9925860106945038,5.37302263379097
9,1891,74.860404944513,1,272,1120107,0.9620302523321965,5.368870720486431
9,1892,-77.71141038398491,1,254,1120361,0.9808215947132412,5.145746860917159
9,1893,-84.82260131835938,2,30,1120391,0.8458569506804149,5.091410235563914
9,1894,67.09319356048945,1,239,1120630,0.8524022189643093,5.48267486504431
9,1895,-26.110645655920962,2,318,1120948,0.8886861229467692,5.26268156753771
9,1896,61.39149209484458,1,263,1121211,0.8331828966113551,5.0423723598623456
9,1897,-82.4453296661377,2,30,1121241,0.845150222380956,4.549962084492048
9,1898,-21.279273226857185,2,81,1121322,0.9023143450419108,4.897279862268471
9,1899,18.556369098369032,1,204,1121526,0.9771928655750611,5.043289676016452
9,1900,-78.07865950255655,1,443,1121969,0.9212573877710252,5.354722523460539
9,1901,-47.26037048175931,2,64,1122033,0.8825303358025849,5.325107605196536
9,1902,-62.583167031407356,2,88,1122121,1.009180385619402,4.987759785895998
9,1903,57.60021283105016,1,243,1122364,0.8430860909660167,5.352634990902104
9,1904,-103.19493103027344,2,30,1122394,1.1441555937131247,6.008315787712733
9,1905,21.494695723056793,1,30,1122424,1.0969378113746644,5.223846872647603
9,1906,-208.9411965161562,1,295,1122719,0.905936457140971,5.057902344404641
9,1907,4.253513075760566,2,388,1123107,0.8653730502755371,5.212849242785542
9,1908,4.968228534329683,1,126,1123233,0.9527759502331415,5.012751019190228
9,1909,-53.25176530866884,2,263,1123496,1.046841684289758,5.518720875108197
9,1910,19.74960309639573,1,217,1123713,0.9936795137170273,5.418442334035575
9,1911,-59.724461048841476,2,46,1123759,0.859085878600245,4.900558483341466
9,1912,-56.26342414692044,1,233,1123992,0.875488651412751,4.860574418511002
9,1913,-5.518277522656717,2,201,1124193,0.9297930925936249,5.176614123493878
9,1914,-5.964554011821747,2,70,1124263,0.9335062661341258,4.865889253786632
9,1915,38.556622169562615,1,173,1124436,0.9237148747967847,4.914839661018008
9,1916,-23.834790240973234,2,89,1124525,0.9509443885154938,5.260435515575194
9,1917,-55.351557484740624,2,88,1124613,0.8191880180754445,4.5824338367039505
9,1918,-48.716134771704674,2,75,1124688,0.964051387310028,4.968470129569371
9,1919,53.25352035462856,1,229,1124917,0.8866694356156228,4.976316606373766
9,1920,-83.69415760040283,2,30,1124947,1.127834177017212,5.52653759320577
9,1921,36.22523319523316,1,178,1125125,0.9033320383744293,4.98586614932237
9,1922,-56.505269213812426,2,168,1125293,0.9420701142932687,5.1194820283424285
9,1923,37.29267948522465,1,235,1125528,0.9763165115041935,5.137078852856413
9,1924,16.48356649366906,1,327,1125855,0.9225148852082932,5.150564176591529
9,1925,-29.739409167086706,2,125,1125980,0.9119386475086212,5.162681090354919
9,1926,36.31600477907341,1,164,1126144,0.9050595963873515,4.762592286234948
9,1927,-47.402420081867604,2,306,1126450,0.8790439017652686,5.08177035082789
9,1928,28.389284535311162,1,196,1126646,0.8854764803331725,4.973471220354645
9,1929,44.772546225227416,1,207,1126853,0.9191785030030973,5.209987211342595
9,1930,-81.57639336585999,3,30,1126883,1.0994117329518,4.879602507750193
9,1931,-9.762315843254328,2,69,1126952,0.9192308550295623,5.331273334613745
9,1932,27.507698609493673,1,169,1127121,1.086406762783344,4.87678091183922
9,1933,-50.73307603597641,2,32,1127153,1.2057231720536947,4.454885245300829
9,1934,52.89970061555505,1,161,1127314,0.8848654496373597,5.035506473935169
9,1935,-51.13546535372734,2,42,1127356,1.1422326181616103,4.958464043481009
9,1936,42.002309679985046,1,99,1127455,0.9920416811499932,5.437802324391375
9,1937,-61.74779210591805,2,175,1127630,0.9518289596693856,4.8768342886652265
9,1938,51.94030789169483,1,244,1127874,0.9215316506194287,5.0027207535554155
9,1939,22.555144631414805,1,318,1128192,0.9300238892154874,5.110216035314326
9,1940,-70.12366720242426,2,233,1128425,0.9442171367452892,4.797201565278958
9,1941,-31.106108990090434,2,277,1128702,0.9631517709162261,4.92674589576704
9,1942,-6.032614469528198,1,30,1128732,1.0631902694702149,5.753692360719045
9,1943,11.383917363215005,2,213,1128945,0.8585928528801376,4.720755962978506
9,1944,57.24469232559204,1,162,1129107,0.9173200426646221,4.999119796134807
9,1945,-46.45781243592501,2,64,1129171,0.8466015509329736,4.428894341457635
9,1946,59.04138139821589,1,230,1129401,0.9782745106064755,4.887591623482497
9,1947,-348.4592427164316,1,414,1129815,0.9565713697153589,4.636223317632353
9,1948,-82.02624929571175,1,404,1130219,0.9354045788692956,4.916103742795415
9,1949,-81.59726119041443,3,30,1130249,0.8881938040256501,5.395959170659383
9,1950,24.90155789256096,1,30,1130279,1.0852582037448884,4.524001137415568
9,1951,-98.09531331062317,2,64,1130343,0.9622527579776943,4.530330199282616
9,1952,-58.67557030916214,2,81,1130424,0.8307717887707698,4.372548264485818
9,1953,0.6060774801298976,2,326,1130750,1.0207747500732633,4.654413948578338
9,1954,43.80891287326813,1,90,1130840,0.9102150013049444,4.993637966447406
9,1955,-70.06419676542282,2,63,1130903,0.89200055315381,4.731631459224792
9,1956,43.03030994720757,1,161,1131064,0.8193242986750159,4.856478916191906
9,1957,-18.70300697197672,1,432,1131496,0.9209602617279247,4.72646195013766
9,1958,-43.06538709998131,2,69,1131565,0.8763118131437163,4.660663776639579
9,1959,39.891764712985605,1,232,1131797,0.9859238078111204,4.85053339529911
9,1960,-83.40879225730896,2,30,1131827,1.2373659451802572,5.404813688993454
9,1961,31.193205952644348,1,30,1131857,0.9495271344979604,4.8268086036046345
9,1962,36.38450094193104,1,377,1132234,0.9962454195522187,4.907319168829475
9,1963,-81.11043667793274,2,30,1132264,0.9243139346440633,3.8461709717909494
9,1964,34.772208139300346,1,86,1132350,0.916231689758079,4.897484192321467
9,1965,-60.31415757164359,2,208,1132558,0.8582499716430902,4.699229023777521
9,1966,34.91450833482668,1,171,1132729,0.9364101215761308,4.508969269649327
9,1967,-58.73356857756153,2,289,1133018,0.9516549197035264,4.917432248592377
9,1968,-47.481188475721865,2,88,1133106,1.0472260937094688,5.021557296202942
9,1969,25.61621458362788,1,188,1133294,0.9593524319377351,4.757747698258212
9,1970,-38.53569465619512,2,401,1133695,0.9691952792486348,4.72737255789098
9,1971,33.51547227241099,1,203,1133898,0.9349321579111034,4.846366878213553
9,1972,33.31364220753312,1,328,1134226,1.0054615350758158,4.394773314093671
9,1973,-52.565439999103546,3,90,1134316,0.8240210509962506,4.359048293696509
9,1974,-49.13816139101982,2,88,1134404,1.0229783227497882,4.583737860349092
9,1975,22.0008260961622,1,233,1134637,0.9017631709575653,4.352892923380684
9,1976,17.305064721032977,1,230,1134867,0.9339411250922991,4.439664358030194
9,1977,-46.74069206416607,2,70,1134937,0.9850066427673613,3.999283276285444
9,1978,-34.21856982819736,2,69,1135006,0.8728865881760915,4.38115448191546
9,1979,-46.391679883003235,2,68,1135074,0.8030818144188208,4.547879971125546
9,1980,29.13372188282665,1,226,1135300,0.9440056543170878,4.457818615291498
9,1981,-65.487089574337,3,33,1135333,1.0195976748610989,3.7845986783504486
9,1982,47.92504405975342,1,122,1135455,1.1293246513995967,4.844655781007204
9,1983,-93.50055559110478,2,264,1135719,1.0271155440220328,4.452077198830066
9,1984,-38.915544893592596,2,69,1135788,1.0056854866553044,4.7087845741838645
9,1985,26.15443662146572,1,203,1135991,0.9927561095195451,4.756272616644798
9,1986,-75.09719404578209,3,62,1136053,1.0021236159147755,4.570750664318761
9,1987,-140.122028631391,1,162,1136215,0.8714499747679557,4.958317220946888
9,1988,-8.928423800505698,2,295,1136510,0.9436098262415094,4.484592176594977
9,1989,-113.75303438305855,2,103,1136613,1.0206149385392087,4.44193611330199
9,1990,-85.02386763691902,2,88,1136701,1.0066247866912321,4.662952727892182
9,1991,28.67916217725724,1,189,1136890,0.9987675476641882,4.204118427145418
9,1992,12.406658736988902,1,248,1137138,0.8820611358650269,4.380538252572859
9,1993,-139.8765956091229,2,159,1137297,0.9550125653263908,4.3215331000352055
9,1994,23.151422772585647,1,175,1137472,1.0747158891814095,4.560538690771375
9,1995,4.461971800526953,1,187,1137659,0.9145124012773688,4.196819859073761
9,1996,18.77567862253636,1,305,1137964,0.9912987697319906,4.376421022366305
9,1997,-49.25791781395674,2,83,1138047,0.9993309418121016,4.4101389021758575
9,1998,-36.118668542127125,2,104,1138151,0.8661216357006476,4.394270679125419
9,1999,-70.19038271903992,2,82,1138233,1.1283352171502463,4.997496177510517
9,2000,58.028667566366494,1,234,1138467,0.9636599942405,4.248419466309058
9,2001,-94.4353495859541,2,302,1138769,0.8388448054624709,4.190014242435133
9,2002,43.83295909699518,1,260,1139029,0.8969877706124232,4.398996724417576
9,2003,10.096187090908643,1,246,1139275,0.9756006897707296,4.23343417629963
9,2004,-138.98442513997725,2,132,1139407,1.013681950668494,4.2997149904117435
9,2005,28.92585471039638,1,195,1139602,0.9932545677209512,4.580300795114957
9,2006,-76.95942653226666,2,334,1139936,0.9750919491944913,4.488876364009823
9,2007,-33.829245418077335,2,132,1140068,0.9098822589625012,4.506388084680745
9,2008,43.48682701680809,1,183,1140251,0.8679132694429387,4.085769554630655
9,2009,-50.19622018933296,2,31,1140282,1.010962643930989,4.5987366380230075
9,2010,44.044802161632106,1,169,1140451,0.9843462770859871,3.9089647974135606
9,2011,-43.42499342560768,2,46,1140497,1.1370808119359224,5.112194534229196
9,2012,50.357511445879936,1,131,1140628,0.9775620346305934,4.530302763895224
9,2013,-84.17536304355599,2,182,1140810,0.9455184703999824,4.007551230408333
9,2014,19.621648063650355,1,159,1140969,0.9772722704230614,4.610850592266838
9,2015,18.392867803107947,1,517,1141486,0.9499496286680896,3.9261635131485457
9,2016,-77.85525380307809,2,169,1141655,1.0245858425572074,3.711626475732002
9,2017,27.633703839965165,1,199,1141854,0.9605823021438253,4.454909359689933
9,2018,-18.716483812080696,2,332,1142186,0.9442342665181103,4.08698670745614
9,2019,34.32309294305742,1,175,1142361,0.9339252344199589,4.245900482109615
9,2020,-58.670889470900875,2,319,1142680,0.927330419000787,4.299423159570156
9,2021,34.577623847304494,1,293,1142973,0.9742882242585205,4.209288756086558
9,2022,-82.52204751968384,2,30,1143003,0.8607521494229634,4.42432734966278
9,2023,42.10022556781769,1,73,1143076,0.8623205696883267,3.895957702643251
9,2024,-84.10299491882324,2,30,1143106,1.0827219088872273,4.105617725849152
9,2025,38.32172099361196,1,181,1143287,0.9689971276080411,3.718416791759143
9,2026,-53.52940053353086,2,194,1143481,0.9255685147243676,4.164774070849123
9,2027,32.83159297669772,1,167,1143648,0.9409910237003943,4.258624222999561
9,2028,-50.3897112676641,1,341,1143989,0.9111187530577707,4.23245974448769
9,2029,-74.6081006526947,2,30,1144019,0.9322585801283518,3.893007280429204
9,2030,18.35499104997143,1,184,1144203,0.9392733499407768,3.9366393126547337
9,2031,10.157500387285836,1,224,1144427,0.9534908132627606,4.154193004460207
9,2032,-47.907142639160156,2,63,1144490,1.0783302339296492,4.034227167803143
9,2033,41.05286009609699,1,137,1144627,0.980025507890395,4.10589387425541
9,2034,-81.6609354019165,2,30,1144657,1.126480406522751,4.212195895115534
9,2035,-31.136394750792533,2,68,1144725,1.1386285818674986,4.173968089854016
9,2036,10.754034630685055,1,212,1144937,0.9386630544684967,4.347080609286731
9,2037,37.289451375138015,1,268,1145205,0.9135486838310513,3.9718930914775648
9,2038,-74.16383767127991,2,30,1145235,0.7763745933771133,4.115982540448507
9,2039,45.91587956249714,1,180,1145415,0.9642919103304545,3.7488095937503707
9,2040,-54.22104381677491,2,289,1145704,0.9257612889407003,4.135479205413673
9,2041,32.489302140893415,1,168,1145872,0.9743415145646959,4.219556123727844
9,2042,0.675457997887861,1,395,1146267,0.9588273482232155,4.069795375760598
9,2043,-21.62991613403028,2,171,1146438,0.9666363459232955,3.8892952174122573
9,2044,-126.530901491642,2,110,1146548,1.0140680903738195,3.9756283808838235
9,2045,30.417340505402535,1,183,1146731,0.9818069591222565,3.9917622231394865
9,2046,-54.92540817230474,2,263,1146994,1.0314472804957924,4.064259550870598
9,2047,46.790404595434666,1,230,1147224,0.9398978958959164,3.9058005649110545
9,2048,11.220459422213025,1,267,1147491,0.9630107657516493,3.704697315166059
9,2049,-83.80473375320435,2,30,1147521,1.1169633706410727,3.858736002445221
9,2050,34.44429682288319,1,128,1147649,0.9510317640379071,4.101689219009131
9,2051,-37.426228794269264,2,270,1147919,1.0165998354002281,3.9771827552053662
9,2052,34.04481328098336,1,213,1148132,0.9933949298981769,3.910407935789493
9,2053,-84.50732088088989,2,30,1148162,1.0695715248584747,4.395719225207965
9,2054,50.12915159761906,1,97,1148259,0.9393458655200053,3.4609148655970072
9,2055,-29.157417304813862,2,37,1148296,0.8752188505353155,3.7797006964683533
9,2056,-39.64052875339985,2,51,1148347,0.9474441151992947,4.193590432989831
9,2057,59.34919141745195,1,250,1148597,0.917113908290863,3.7635250642299654
9,2058,-53.997299052774906,1,225,1148822,0.9574577180544536,4.008549959659576
9,2059,-73.55444547707157,2,195,1149017,0.941530351455395,3.6510469049979477
9,2060,-60.7869634591043,2,82,1149099,1.0519334074200652,3.7362081463017116
9,2061,43.46673345193267,1,224,1149323,1.0473505386284419,4.0088522443547845
9,2062,-23.72186311025871,2,387,1149710,0.9819912632460434,3.926329722161133
9,2063,41.06449384428561,1,202,1149912,0.9503014019810327,3.4894244507102683
9,2064,1.2666278733086074,1,365,1150277,0.97960334354884,3.8397551163418653
9,2065,-67.77886299917009,2,327,1150604,0.9469790814119742,3.8032673182655183
9,2066,-36.65138956159353,2,65,1150669,0.9639781672220964,4.408633288053366
9,2067,34.77420551882824,1,184,1150853,0.8482192364399848,4.003759138286114
9,2068,-9.562552050309023,2,227,1151080,1.016259844476431,3.7367206496814274
9,2069,-48.78403209726093,2,88,1151168,0.9723972034725276,3.960813524032181
9,2070,26.465146634727716,1,185,1151353,1.0417319246240564,3.6175278520261918
9,2071,-22.25494649297616,2,77,1151430,1.0009877155353497,3.6353718932572896
9,2072,-18.3009143024683,2,82,1151512,1.0885441837514318,3.894964103473396
9,2073,42.4355688871583,1,205,1151717,0.9101811842220585,3.385292464349328
9,2074,-234.1606271713972,2,277,1151994,0.8849794672069137,3.456837110893821
9,2075,-43.475828655064106,2,76,1152070,1.173255086729401,4.130685008670154
9,2076,4.157306410954334,1,223,1152293,0.9277607750464982,3.5304086625308733
9,2077,-56.40349803556455,1,268,1152561,1.0147685693271125,3.6403732911419513
9,2078,-63.89370068907738,2,102,1152663,1.0104381056392895,3.6234534154920017
9,2079,-41.713275789428735,2,75,1152738,0.8088058161735535,3.792910471757253
9,2080,27.945970705419313,1,184,1152922,0.9990937760018784,3.576287395928217
9,2081,4.60534875607118,1,305,1153227,0.980667424690528,3.343237992290591
9,2082,-74.83745503425598,2,31,1153258,1.0138515157084311,3.4748720834332127
9,2083,38.94885316863656,1,171,1153429,0.9359218596714979,3.409134427880683
9,2084,17.283695755060762,1,325,1153754,0.99701376080513,3.723234252012693
9,2085,16.661617167119402,1,255,1154009,1.020570595474804,3.4385827994814107
9,2086,-94.23724693059921,3,82,1154091,1.032108460621136,3.254330105534414
9,2087,26.41652724146843,1,30,1154121,1.1480991899967194,4.3246170302232105
9,2088,19.056799088721164,1,256,1154377,0.877417323179543,3.5275063302833587
9,2089,-121.32093164532853,1,253,1154630,1.0592930637329463,3.6421799580805856
9,2090,15.285006122125196,1,329,1154959,0.9665643465011677,3.4664361448816976
9,2091,-83.54962468147278,2,30,1154989,1.3606438338756561,3.4807562867800397
9,2092,54.194694286212325,1,133,1155122,0.9448076948187405,3.8698528973679793
9,2093,38.643882772594225,1,171,1155293,0.8603911218587418,3.09364912401863
9,2094,-62.93037624657154,2,98,1155391,1.0042980012236808,3.134057563786604
9,2095,59.48920994903892,1,230,1155621,0.9188823008018991,3.3220797616502513
9,2096,-89.29429471492767,2,45,1155666,1.0263404700491163,3.211062557167477
9,2097,33.82751791624469,1,176,1155842,0.959430240263993,3.6438888170841066
9,2098,-92.63003904791549,2,202,1156044,1.0196135467526937,3.7143917598641747
9,2099,33.75910779237165,1,175,1156219,1.0635130167007447,3.2533641932691846
9,2100,-32.794798098912,2,321,1156540,0.9458755003143322,3.31886475795526
9,2101,50.911955394782126,1,243,1156783,1.0200120760089575,3.596288282807472
9,2102,38.052261637965785,1,359,1157142,0.8815749781543498,3.5202304698464597
9,2103,-84.1555712223053,2,30,1157172,1.3265047073364258,4.122089540958404
9,2104,-2.055012160912156,1,267,1157439,1.0657697064376503,3.5819673938920884
9,2105,12.265319058700697,1,339,1157778,1.0302066328251256,3.413880506008424
9,2106,-84.50437521934509,2,30,1157808,0.8063457806905111,2.7963509182135264
9,2107,39.14756905985996,1,247,1158055,1.0254063758290248,3.413042389670847
9,2108,19.167141832818743,1,318,1158373,0.9942777736007042,3.3592155856906243
9,2109,-82.78414486348629,2,127,1158500,1.1099914152791182,3.618942960744768
9,2110,58.793113644234836,1,180,1158680,0.9039657904042138,3.2587324995961455
9,2111,-92.79633629618911,2,221,1158901,1.0674216708176816,3.070848250820626
9,2112,40.5402733880328,1,135,1159036,1.0134180660601015,3.1601462599303987
9,2113,-38.72350996732712,2,33,1159069,0.8383544204813062,3.685751342412197
9,2114,25.35027728242494,1,267,1159336,1.0243511122933935,3.3302758026882056
9,2115,16.791584183461964,1,327,1159663,0.951656776101582,3.14763318717662
9,2116,-22.75452020461671,2,138,1159801,0.9064102444959723,3.1421486616566563
9,2117,33.78622923331568,1,144,1159945,0.9691493304239379,3.1628056994328895
9,2118,-68.99039696255932,2,238,1160183,1.017918518611363,3.6210721332986817
9,2119,-39.67877869307995,2,69,1160252,0.9029714313970096,3.0796734042789624
9,2120,86.49675010843202,1,315,1160567,0.9928146842926268,3.1378136599820756
9,2121,36.1858988477652,1,376,1160943,0.9462312816622409,3.1444948261722607
9,2122,-83.33636887697503,2,184,1161127,0.9195613148419753,3.1623371773115965
9,2123,-16.926349503031815,2,100,1161227,1.1172242718935013,3.1905088275671005
9,2124,33.14405211387202,1,171,1161398,0.9527240709254616,3.244226206115812
9,2125,-69.05521100954502,2,176,1161574,0.9308277913792566,3.176531836221164
9,2126,17.15063508413732,1,279,1161853,0.9750117513227634,3.192186525859286
9,2127,-36.4631134881638,2,388,1162241,0.9174536096373784,3.217677886184958
9,2128,26.37382252048701,1,217,1162458,0.9738778344222477,2.802114235640671
9,2129,-70.85517492497456,2,289,1162747,0.9185667439109314,2.7859742491921753
9,2130,59.84441822394729,1,222,1162969,0.94330689324452,3.138478149299149
9,2131,-45.41018861532211,2,39,1163008,0.8903505274882684,3.0923940462943835
9,2132,6.532555460929871,2,95,1163103,1.0158646429839888,2.896750889953814
9,2133,57.4122300427407,1,232,1163335,0.9504451385602869,2.956638050875787
9,2134,-40.101495534181595,2,39,1163374,1.0757415829560695,2.9066166006601772
9,2135,-77.39086243376369,2,119,1163493,1.1189916226543297,3.2370880353851477
9,2136,30.4471726755728,1,222,1163715,0.9651187230069358,2.9553862975255862
9,2137,-46.091335365432315,2,490,1164205,1.016587009052841,2.910531613048242
9,2138,-61.39201083779335,2,100,1164305,0.8964905554056167,3.2656643545627593
9,2139,59.58263716544025,1,269,1164574,0.9951325919769953,2.9475917024018594
9,2140,29.46687850364833,1,313,1164887,0.9929601201615014,3.229618825661108
9,2141,-72.24068436026573,2,52,1164939,0.9821937514039186,3.1534625240243397
9,2142,-65.52925075904932,2,120,1165059,0.923887416968743,3.087684897085031
9,2143,65.41548453830183,1,289,1165348,1.0492099394641532,2.750299765989442
9,2144,-79.66631412506104,2,30,1165378,0.8984812021255493,2.883083927631378
9,2145,-81.99543163180351,2,101,1165479,0.9158364557983851,2.8727303356817453
9,2146,42.77486918037539,1,232,1165711,0.9737396543395931,3.142384972423315
9,2147,-87.67728871107101,2,30,1165741,1.1095485607783,2.771262925863266
9,2148,52.86237861216068,1,100,1165841,1.0283003866672515,2.640346412062645
9,2149,-81.89213871955872,2,93,1165934,0.9044486742506745,2.7710304894754962
9,2150,55.292188873980194,1,173,1166107,0.9801899673621779,2.838262784084833
9,2151,-69.844227958587,2,221,1166328,1.0403199558614067,2.7502825656627636
9,2152,14.679974764585495,2,276,1166604,0.9613551633513492,2.9643975758682126
9,2153,28.857076406478882,1,30,1166634,0.9599378009637197,2.585079667965571
9,2154,-52.26662766933441,2,57,1166691,0.899498707892602,3.224647240157713
9,2155,30.745996444951743,2,307,1166998,0.9847928542850072,2.6875098122447634
9,2156,24.016748279333115,1,30,1167028,0.8428005357583364,2.8744835376739504
9,2157,-248.7886502146721,2,195,1167223,1.0314989656974107,2.9791768676195387
9,2158,60.36075035855174,1,159,1167382,1.0000462603269133,2.7375084454158567
9,2159,-41.52424428816266,1,393,1167775,0.9917708331240346,2.837391518682014
9,2160,-83.22110998630524,2,68,1167843,1.0222921485410017,2.6975872819038
9,2161,-81.3509960025549,2,108,1167951,0.9995910558435652,2.904044274378706
9,2162,38.82362275466221,1,233,1168184,0.9559037121324581,2.8369779226733893
9,2163,23.060608063824475,1,306,1168490,0.969761761867143,2.500092973603922
9,2164,-42.60060853511095,2,44,1168534,1.1471657725897701,2.6269744675267828
9,2165,46.95914661663119,1,250,1168784,0.926067316532135,2.769584578037262
9,2166,-39.73013633536175,2,126,1168910,1.1189312180356374,3.011499547769153
9,2167,54.33277481794357,1,95,1169005,1.0935921590579183,3.4740003177994176
9,2168,24.653699683884042,1,230,1169235,1.0681693477475125,2.5457263384176336
9,2169,42.27741579635767,1,328,1169563,1.0850441421313983,2.5334735320108694
9,2170,-193.41581988177495,1,499,1170062,0.925539438316005,2.6664374408597697
9,2171,33.6453324505128,1,226,1170288,0.9538644648494974,2.5191672398189526
9,2172,-45.60582917928696,3,61,1170349,1.0855479049878043,3.253795555380524
9,2173,55.734901529503986,1,197,1170546,1.0828075829496238,2.299749525519192
9,2174,-46.79617625140236,2,227,1170773,0.9760192455436689,2.4777651160036416
9,2175,58.37745635084866,1,262,1171035,0.9687181526922998,2.4130263578800757
9,2176,-44.809115590527654,2,88,1171123,1.0027758038856767,2.00088579478589
9,2177,49.55818422930315,1,193,1171316,0.9936305321560005,2.791036746199267
9,2178,-71.07963675260544,2,113,1171429,0.8845720354434663,2.492082056218544
9,2179,52.27974822651595,1,280,1171709,0.9840532622167042,2.421466977042811
9,2180,-15.364193521032576,2,265,1171974,0.9538595986816119,2.702851201115914
9,2181,27.71378952357918,1,181,1172155,0.9422481107777654,2.472449918642887
9,2182,22.837317722849548,1,313,1172468,0.9812494248818284,2.5556589983903564
9,2183,-128.6374588496983,2,179,1172647,0.9613070259880088,2.4838537864345414
9,2184,5.793411542545073,1,233,1172880,1.0405012344853561,2.2232290273572244
9,2185,-80.40110564231873,2,30,1172910,1.173104061683019,2.7839696168899537
9,2186,66.43804104626179,1,118,1173028,1.0377670415377214,2.824932636093285
9,2187,-219.30313158035278,2,240,1173268,0.981107106929024,2.6627275319149097
9,2188,-55.08466478995979,1,253,1173521,0.9929672678704319,2.446068820746049
9,2189,49.24411049159244,1,202,1173723,0.9997492527017499,2.464455364511745
9,2190,-50.85514688491821,2,56,1173779,1.2032923480229718,2.7803860338670865
9,2191,-19.890957557421643,2,102,1173881,1.008928311806099,3.059965446007018
9,2192,38.55775309796445,1,207,1174088,1.0009558268503291,2.4174136070237644
9,2193,23.90884010953596,1,432,1174520,1.0613012997502531,2.4853522960372545
9,2194,-83.19278365373611,2,64,1174584,1.006462932098657,2.3863519337028265
9,2195,62.25580960919615,1,169,1174753,1.0186865539593104,2.2742533244677547
9,2196,-51.98741905737552,2,209,1174962,1.0020065820958626,2.6140708435665476
9,2197,51.67986317386385,1,282,1175244,1.116364797801836,2.4839132786431213
9,2198,-14.477534109377302,2,357,1175601,1.045472868851253,2.3802438799072716
9,2199,23.303800029680133,1,207,1175808,0.921176849068075,2.520007738168689
9,2200,7.273009759257548,2,357,1176165,0.9633759523974079,2.2036612234195743
9,2201,-39.4986471850425,2,71,1176236,0.862901186859104,1.9719422581330153
9,2202,-69.18769504129887,2,88,1176324,0.9806256571953947,1.9369597441770814
9,2203,21.941325940279057,1,188,1176512,1.0961301623189703,2.3301642914401723
9,2204,-69.27092360937968,2,390,1176902,0.9862265576154757,2.194745100996433
9,2205,-54.61696069315076,2,82,1176984,1.0904442697036556,2.6661743668884768
9,2206,19.848894537775777,2,263,1177247,0.9530839505304401,2.28978503702258
9,2207,-166.34645321965218,1,229,1177476,0.9970541733060861,2.2232833447414713
9,2208,17.799080193392,1,309,1177785,0.9919060322073285,2.250489616664096
9,2209,-42.80487021803856,2,69,1177854,0.9367039523262909,2.004760419113049
9,2210,57.19676097645424,1,173,1178027,1.05057483394711,2.4104232424600966
9,2211,-61.43333090296073,2,228,1178255,1.1562077724619915,2.179238103852983
9,2212,1.219082623720169,2,70,1178325,0.9094364430223193,2.312462500163487
9,2213,13.831529932795092,1,215,1178540,0.9220276175543319,2.068500890288242
9,2214,45.49276521561114,1,369,1178909,1.0142754221027137,2.2128910401326207
9,2215,10.847489005536772,1,314,1179223,0.9715518884977717,2.0386513789558105
9,2216,-26.94559058593586,2,52,1179275,1.095676595201859,2.5333422496914864
9,2217,-57.91400965768844,2,100,1179375,1.000792630314827,2.3192385149002077
9,2218,20.783045344229322,2,262,1179637,0.9556040016521934,2.463183162321571
9,2219,30.27453765273094,1,39,1179676,1.014124951301477,2.0439494129938955
9,2220,34.01839831424877,1,287,1179963,0.9931303211828557,2.305663523098733
9,2221,14.36927416305116,1,275,1180238,1.0005941686846993,2.265231072577563
9,2222,-84.96340628131293,1,461,1180699,1.0382165987682963,2.434816150111904
9,2223,5.046115586068481,2,328,1181027,1.0235041263626843,1.9105764366686344
9,2224,24.425723321270198,1,202,1181229,1.0306375917821828,2.078511022842757
9,2225,-85.04039451247081,1,369,1181598,1.0093429339771995,2.1606659212409642
9,2226,-118.68518516322365,1,352,1181950,0.978216439739547,2.186833576510914
9,2227,-108.05354623543099,2,429,1182379,1.0184756289551031,2.316665562646928
9,2228,46.620185180334374,1,241,1182620,0.9980898147054728,2.2611495127816417
9,2229,-66.28098359704018,2,70,1182690,0.946880008493151,2.3313614104475295
9,2230,11.982546686660498,1,58,1182748,0.8617456288173281,2.240688241761306
9,2231,-21.785497394856066,2,90,1182838,1.0232123176256815,2.535513796740108
9,2232,-60.6558812558651,2,74,1182912,1.0910278526512351,2.579218682002377
9,2233,62.958450715988874,1,249,1183161,1.07719617196355,2.2883580415004707
9,2234,20.83697318629129,1,380,1183541,0.9983700288753761,2.189103168719693
9,2235,-220.03178238868713,3,133,1183674,1.0894172693553723,2.2454485032791482
9,2236,48.8138508987613,1,188,1183862,1.0227690392986257,1.5855714201610138
9,2237,16.628326982608996,1,310,1184172,0.9956733255617081,2.051229144392475
9,2238,-85.09161758422852,2,30,1184202,0.9734834492206573,1.7700704514980317
9,2239,27.584277596324682,1,165,1184367,0.8749945391308177,2.0816714241649166
9,2240,43.35732834751252,1,394,1184761,0.9810842867883934,2.125769846859922
9,2241,-54.8618201315403,2,65,1184826,0.9478161683449379,1.6354570196225093
9,2242,68.74503981508315,1,277,1185103,1.111729361627937,2.3804065844427376
9,2243,-151.85884594845993,1,427,1185530,0.9325971137863133,1.9734779405789298
9,2244,4.546690598595887,1,373,1185903,0.9510147760924321,2.2183677240926523
9,2245,-72.09442700207,2,293,1186196,1.011073722672544,2.1997922473800062
9,2246,13.909713271714281,1,221,1186417,0.9647488766665911,1.9283019835592934
9,2247,11.619338214281015,1,444,1186861,1.0558416796428662,2.261118618049869
9,2248,-92.11400079727173,2,30,1186891,1.0614725609620412,1.7707319051027297
9,2249,36.966829956974834,1,171,1187062,1.0506607288854164,2.001708382577227
9,2250,38.191692555788904,1,403,1187465,1.0311756099276153,2.2137630941258473
9,2251,-37.984098955988884,5,124,1187589,0.8291879027120529,1.6430367361153326
9,2252,-68.10310320556164,2,94,1187683,1.1214194931882493,2.408015474042994
9,2253,10.082077058032155,2,263,1187946,1.0431018350468841,2.2557743800230354
9,2254,-3.6048249006271362,2,94,1188040,1.165606087192576,2.1758369857326465
9,2255,-107.1132593418588,1,323,1188363,1.005753599545535,1.8372851755504638
9,2256,-48.20637258887291,2,83,1188446,1.1972853807081658,1.8988644846950669
9,2257,-55.645782310835784,2,100,1188546,1.0184672266244887,2.211866750717163
9,2258,-3.486355298315175,2,297,1188843,0.9433152792028305,2.121069708958218
9,2259,-6.487335190176964,1,210,1189053,1.0624365971201941,2.145196711733228
9,2260,50.851758384145796,1,244,1189297,1.0631185435369366,1.8386962680054493
9,2261,-55.206667095422745,2,77,1189374,1.0580454379707187,2.2515747914840647
9,2262,0.7010682374238968,2,88,1189462,1.0774214359169656,2.1507473838600246
9,2263,35.569066673342604,1,201,1189663,0.9779462542996478,1.707312224516228
9,2264,19.292571334866807,1,462,1190125,1.0654308816571256,1.9828046604152365
9,2265,-52.70516212284565,2,44,1190169,0.9998392909765244,1.2035394331270999
9,2266,55.772536513293744,1,265,1190434,0.9777822303322127,2.0444552861294656
9,2267,-9.429797424236313,1,313,1190747,1.0000200816236746,1.768623044886909
9,2268,-80.08079767227173,2,30,1190777,0.9460179001092911,1.9624088873465857
9,2269,66.20280551421456,1,271,1191048,0.9885386647553461,1.9430250714625819
9,2270,-49.79112212616019,2,290,1191338,1.0551688215855894,1.554028661189408
9,2271,19.62078121956438,2,328,1191666,1.092765147002732,1.977697759684993
9,2272,-8.725895524024963,2,82,1191748,0.9217907084924418,1.8589994943723447
9,2273,6.471108119701967,2,270,1192018,1.1475754023702056,1.9911219203913653
9,2274,34.30660843849182,1,47,1192065,1.1298894172019147,1.963663288887511
9,2275,-84.160202100873,2,68,1192133,0.9611595417646801,1.8285464346408844
9,2276,-77.13331736624241,2,100,1192233,0.983812991976738,2.115089448094368
9,2277,-62.77705729007721,2,96,1192329,0.9725051522254944,2.0761871986712017
9,2278,-58.76765175163746,2,113,1192442,1.0565449442483683,2.0320390162214768
9,2279,-103.07486678950954,1,410,1192852,0.9751815789356464,1.7837599837925375
9,2280,-60.97068662411766,2,315,1193167,0.9610404412897806,2.152248291032655
9,2281,-33.35110760809039,1,409,1193576,0.9853282605814759,1.9238156047820463
9,2282,-68.84591233577521,2,336,1193912,1.0673809032000245,2.031296549985806
9,2283,-73.32755031605484,2,192,1194104,1.1193431341089308,2.194391496867562
9,2284,-33.23758301511407,2,75,1194179,1.029595248301824,1.9451991959412893
9,2285,27.94893003173638,2,276,1194455,1.023966669064501,1.9862609215188718
9,2286,-160.2379237753339,1,244,1194699,1.0443847131777981,1.92013939152487
9,2287,-1.1101735474076122,2,207,1194906,0.9701791241549064,1.7164726077358503
9,2288,-50.31625678896671,2,118,1195024,1.2277281435869507,2.239209616840896
9,2289,51.620973385171965,1,248,1195272,1.0847600262251593,2.1561023957065997
9,2290,17.402108776499517,1,286,1195558,1.0124916305075158,2.1741162558327187
9,2291,-23.798257267975714,2,51,1195609,0.9008557691293604,1.36157820037767
9,2292,41.72070624202024,1,233,1195842,1.0469518575033916,2.079501900294308
9,2293,38.557378834659175,1,333,1196175,1.0003818837372032,1.4653835023666646
9,2294,-43.87713223695755,2,70,1196245,1.0064467140606472,1.7018825375608035
9,2295,35.73241804097779,1,253,1196498,0.9807229525015759,1.869923504680513
9,2296,-53.734402514615795,2,345,1196843,0.9983810131100641,1.8059144936609959
9,2297,43.03595921653323,1,254,1197097,0.9325763027029713,1.5786703238337059
9,2298,2.9229072868984076,1,321,1197418,1.039079265152554,1.8651282461447136
9,2299,-77.42636823654175,3,30,1197448,0.8188241680463155,1.298153136173884
9,2300,-52.0698168376839,2,264,1197712,1.0880239756044112,2.0220626090286355
9,2301,-24.78694796562195,2,89,1197801,0.9787365914730544,1.5346374397867182
9,2302,33.64901950326748,1,210,1198011,1.0480179942789531,1.7241993837413334
9,2303,-44.96380982513074,2,220,1198231,0.9581236958503723,1.4890054779973898
9,2304,-40.684145390987396,1,235,1198466,1.0056040897014293,1.6644753373683767
9,2305,39.957288259640336,1,293,1198759,1.0009715104469261,1.5610184477254392
9,2306,-83.73057222366333,3,30,1198789,0.993388177951177,1.1405034869909287
9,2307,-28.09761290671304,1,195,1198984,1.0677147739972823,2.230676741936268
9,2308,-58.236661955714226,2,87,1199071,1.0620688069825885,1.8060939755590482
9,2309,-42.18232828962209,2,102,1199173,1.0366871543959075,1.6300798306862514
9,2310,-58.681805074214935,2,88,1199261,0.9987628300758925,1.8266473085704176
9,2311,-57.985777109861374,2,83,1199344,1.0479553643479405,1.3806898529271046
9,2312,41.39570727292448,1,231,1199575,0.99119212771907,1.5295845514639115
9,2313,-41.931609498311445,2,100,1199675,0.9906642150878906,1.2018865922093391
9,2314,44.982210889458656,1,99,1199774,0.9991504598145533,1.3895768490102556
9,2315,-75.77309472823981,2,220,1199994,1.0436611862345175,1.7830892678011547
9,2316,-63.25134854018688,2,77,1200071,1.153126830404455,1.9378695944686988
9,2317,44.555190451443195,1,197,1200268,1.0136153661660132,1.9286514697643706
9,2318,-42.22621833755693,2,301,1200569,1.0219286942600807,1.896315773163127
9,2319,-63.936801105737686,2,75,1200644,1.056689112186432,1.8425345142682394
9,2320,36.40421467041597,1,254,1200898,1.0000883792563686,2.0032257014137556
9,2321,-82.7743513584137,3,30,1200928,1.2208803792794545,1.8591502110163372
9,2322,48.50376144750044,1,312,1201240,1.0480589810281227,1.8742320803113472
9,2323,-32.99735059592058,2,219,1201459,1.061985782564503,2.0062804242519485
9,2324,28.904096353289788,2,264,1201723,0.9323408621730227,1.8402212578238863
9,2325,26.623794376850128,1,30,1201753,0.8891705324252447,1.500708657503128
9,2326,33.12421899079345,1,322,1202075,1.0258325348544566,1.9320403765077176
9,2327,20.594879791489802,1,247,1202322,0.9724934846766082,1.6109097488978614
9,2328,7.184649711824022,1,268,1202590,0.9898018344347157,1.497237251543287
9,2329,11.604630858288147,1,532,1203122,1.1156098630307312,1.6639267127764852
9,2330,-71.87860536575317,3,30,1203152,1.0883395930131277,2.525780055920283
9,2331,25.778752424754202,1,166,1203318,0.9366182550249329,1.5450535858251961
9,2332,-23.36440781271085,2,82,1203400,1.0343440665704449,2.0685616651686227
9,2333,27.616095468751155,1,161,1203561,1.0765404025590197,1.8385732805136568
9,2334,-105.38551477302099,2,159,1203720,1.0695216550767046,1.732917233270669
9,2335,33.077602862846106,2,439,1204159,1.0301371923475982,1.7523710973442008
9,2336,-65.19639673829079,2,78,1204237,0.9851024785102942,1.5615033927636268
9,2337,30.497233537957072,1,160,1204397,1.1424590760841966,1.9006124868988992
9,2338,-63.85905451601138,2,384,1204781,1.010218939666326,1.859578929686298
9,2339,30.47737807710655,1,203,1204984,1.0185901703212061,1.897446510239775
9,2340,32.113101954062586,1,357,1205341,1.0349813186320937,1.649241786877982
9,2341,-43.79119992913911,1,297,1205638,1.0456116926991177,1.7575953874724481
9,2342,-57.042803198099136,2,30,1205668,1.1034989813963572,0.6505642016728719
9,2343,44.180683836340904,1,82,1205750,1.0241851650360154,1.6019646321854941
9,2344,30.5127792233543,1,303,1206053,1.1632493861240916,1.7552852784052935
9,2345,13.865524635999463,1,385,1206438,1.0782881595871665,1.549745073179146
9,2346,-27.54339316673577,2,38,1206476,1.1127163140397323,1.1446746979889117
9,2347,36.8456358872354,1,216,1206692,1.007581637689361,1.4082612745739795
9,2348,19.412456159829162,1,359,1207051,1.1034737759811966,1.5509736564498093
9,2349,61.93324623629451,1,256,1207307,1.0606235613813624,1.8194509240565822
9,2350,-75.30430221557617,2,30,1207337,1.1005171457926433,2.351215680440267
9,2351,19.837796518579125,1,198,1207535,1.002825732032458,1.5326654253282932
9,2352,-107.21898572240025,2,173,1207708,1.002385009919977,1.137356442867676
9,2353,35.679833829402924,1,46,1207754,1.2477349794429282,1.6477730844331824
9,2354,-72.72165635228157,2,76,1207830,1.195147780603484,1.089571995170493
9,2355,25.26031174894888,1,157,1207987,1.02670741859515,1.675266096356568
9,2356,-61.27013949863613,2,515,1208502,1.06964564786374,1.5140248407437964
9,2357,61.193057522177696,1,131,1208633,1.0275179448018548,1.5014479285433093
9,2358,-57.50401340669487,2,201,1208834,1.095593720822785,1.408012465902822
9,2359,6.715776484677917,2,251,1209085,1.1120569058860916,1.5317254275439744
9,2360,81.9225745289441,1,1194,1210279,1.0671197281061504,1.752765213100355
9,2361,-75.68460178375244,2,30,1210309,0.8862407386302948,1.157301922639211
9,2362,12.965328485879581,1,43,1210352,1.0865847953530245,1.800703507523204
9,2363,-46.19625450670719,2,39,1210391,0.8760869548870966,2.3167223242612986
9,2364,-76.73641854897141,2,118,1210509,1.0220041608406325,1.4395068846011565
9,2365,-96.60909354686737,2,121,1210630,1.028175475922498,1.88642544835067
9,2366,32.10487844463205,1,330,1210960,1.090482939012123,1.8017835142937573
9,2367,-9.65377141686622,1,295,1211255,1.043122058500678,1.7456463406651708
9,2368,14.282678230665624,1,398,1211653,1.035672443595963,1.6766353994233525
9,2369,-79.12868472317496,1,275,1211928,1.0404663692821157,1.670063959793611
9,2370,-83.64445281028748,2,30,1211958,1.128506644566854,2.2680433372656505
9,2371,31.047800288069993,2,290,1212248,1.0693713790383832,1.8560295512450153
9,2372,37.06412410736084,1,52,1212300,0.9890319773784051,1.7041331959458499
9,2373,-35.97089029982453,2,345,1212645,1.134295500361401,1.7942971138850503
9,2374,52.291247844696045,1,103,1212748,1.0240954704655028,1.4636346153842592
9,2375,-61.28667061240412,2,313,1213061,1.1181631465308584,1.6947846853504547
9,2376,-25.934627193957567,2,81,1213142,0.9937109858901413,1.4734707489425753
9,2377,49.54635849548504,1,245,1213387,1.0762977820269914,1.8541552342930618
9,2378,-84.44328951835632,2,30,1213417,1.2920417050520578,1.114865352710088
9,2379,2.9781045466661453,2,88,1213505,1.0091771087185903,1.128527496010065
9,2380,40.94947542948648,1,198,1213703,1.1365311374567977,1.4984121084815325
9,2381,-27.997566523466958,2,95,1213798,0.9457611711401689,1.505443685305746
9,2382,23.46062007546425,1,30,1213828,0.9860133032004038,2.3264352877934775
9,2383,-39.35989272315055,2,194,1214022,1.0706984517500573,1.4715804881656294
9,2384,46.04451698064804,1,99,1214121,0.9423179677640549,1.9284993991105244
9,2385,-46.61227331496775,2,227,1214348,1.052178678139716,1.4455994564531134
9,2386,-38.5943996636197,2,88,1214436,1.0803932479836724,1.7557187351313503
9,2387,1.6551641317782924,2,302,1214738,1.1239232115003446,1.6514443316996492
9,2388,29.10212916135788,1,39,1214777,1.2437100089513338,1.3294049577835279
9,2389,7.813213046640158,1,275,1215052,1.0134429801594127,1.6458850838921286
9,2390,-52.84396994113922,2,69,1215121,1.1604789642320164,1.8377828865811445
9,2391,-34.60248862532899,2,89,1215210,1.1786591859346025,1.769356434599737
9,2392,57.19621738791466,1,297,1215507,1.122348491089914,1.2960286722440109
9,2393,-86.97342190146446,3,37,1215544,1.0386006219966992,2.1048154484581305
9,2394,19.135457155294716,1,299,1215843,1.0543041108643332,1.6612147701823192
9,2395,34.33647294412367,1,372,1216215,1.1244119048439047,1.7160270687152621
9,2396,-78.68187355995178,3,30,1216245,1.1221297522385916,1.8883645256360373
9,2397,-36.729875691235065,2,75,1216320,1.0428291002909342,1.0349110146363576
9,2398,-62.504655450582504,2,81,1216401,1.0729717726324812,0.9918113019731309
9,2399,36.638454363681376,1,231,1216632,1.1162869563866487,1.1175149681119176
9,2400,-268.3592702075839,1,369,1217001,1.0813593033368025,1.4571528335816168
9,2401,-46.331979870796204,2,45,1217046,0.9512329320112864,1.535294845369127
9,2402,35.66774589160923,1,191,1217237,0.9638442553150717,1.5452087549638998
9,2403,22.87160871247761,1,355,1217592,1.0379868141362365,1.3310211005345196
9,2404,-57.25443387031555,2,75,1217667,1.124707822004954,1.5747951404253642
9,2405,39.374467154440936,1,154,1217821,0.8982068455064451,1.4217584733065072
9,2406,52.99332042224705,1,223,1218044,1.1228720078019283,1.347602321828962
9,2407,-82.64827418327332,3,30,1218074,1.0705383429924646,1.2868387858072916
9,2408,42.896341649466194,1,147,1218221,1.0799336660475958,1.2288239107650964
9,2409,-60.25980930163496,2,340,1218561,1.0732808730181527,1.191532557764474
9,2410,51.870887489872985,1,221,1218782,0.9720175515742323,1.5207987762144788
9,2411,-44.16454353928566,2,30,1218812,0.8454460879166921,0.5778573751449585
9,2412,24.26928350329399,1,30,1218842,1.1970475316047668,1.5198150644699733
9,2413,19.953982327133417,1,284,1219126,1.131082895251227,1.5085579624897998
9,2414,18.149355425848626,1,273,1219399,1.0478795949137691,1.3760624258836984
9,2415,-59.895612955093384,2,31,1219430,0.9232410769308766,1.5417182964663352
9,2416,37.935226875761145,1,267,1219697,1.0410697089598866,1.124221088455411
9,2417,-74.67627811431885,2,30,1219727,1.1552104334036508,2.0412444084882737
9,2418,-23.742237601429224,2,81,1219808,1.0184158712257574,1.5255137468561715
9,2419,43.50207351183053,1,201,1220009,1.1036439237013385,1.7834860200609142
9,2420,-12.681714272592217,2,282,1220291,1.1083717185554776,1.1828424245224778
9,2421,30.40123827557545,1,134,1220425,1.0629168268459945,0.9543353837372651
9,2422,-73.41230049729347,2,61,1220486,1.154224208143891,1.1982692997963702
9,2423,50.12504968000576,1,162,1220648,1.2024879017729817,1.491603719231523
9,2424,-10.411687360690848,1,322,1220970,1.0447213164767863,1.0565057664369204
9,2425,-80.93602561950684,2,30,1221000,1.194928307334582,1.3455661356449127
9,2426,54.710621672682464,1,155,1221155,1.1500953280156658,1.1961055128805098
9,2427,-49.58562687039375,2,68,1221223,1.1609425439554102,0.9096435624010423
9,2428,-32.88371610762533,2,106,1221329,0.9914741333363191,1.2336306261285297
9,2429,33.94804368552286,1,194,1221523,1.0243660919752318,0.9429610555165822
9,2430,11.926623333594762,1,361,1221884,1.0825096804679595,1.0789540949950918
9,2431,-82.90916228294373,2,30,1221914,0.9445745080709458,1.5692493547995885
9,2432,-43.67198095470667,2,82,1221996,1.1898808428427068,0.6698196530342102
9,2433,-62.069796085357666,2,89,1222085,0.9547920749428567,1.269592992375406
9,2434,43.42097539734095,1,197,1222282,1.128680134182654,1.1104582946010046
9,2435,-16.696708309929818,1,287,1222569,1.1226263560276828,1.1759132558045071
9,2436,-71.23650575248757,2,107,1222676,1.0861672525093935,0.5107428540136213
